username, created_at, lng, lat, text
_DanyelleA, Mon Jan 25 16:28:00 +0000 2021, -76.593943, 24.074967, ‚ù§Ô∏è 
sheridansmith25, Mon Jan 25 16:28:00 +0000 2021, -80.846785, 35.209059, my emotions and feelings are valid, and that‚Äôs all that matters to me. 
vixin30, Mon Jan 25 16:28:00 +0000 2021, -77.229267, 38.697014, Fresh haircut. ONLY $37 includes shampoo and blowdry. I also offer other services as well ie color. Revolution colo‚Ä¶ https://t.co/qPfeAjRkd6 
geekwitch, Mon Jan 25 16:28:00 +0000 2021, -75.117998, 40.004866, Birthday things. Ya know, for a middle aged white chick with a 40 year work history.  Send collagen cream please. üòù https://t.co/g2LtOLRLYL 
gonzalezIUBloom, Mon Jan 25 16:28:00 +0000 2021, -81.273035, 29.839174, @marcorubio If you‚Äôd like to help those people you talk about solve the real problems they confront, don‚Äôt lie to t‚Ä¶ https://t.co/hvpmNDZ5nv 
PatrickCDuncan, Mon Jan 25 16:28:00 +0000 2021, -118.325145, 34.182160, @DavidAugust @ckukahiko ‚ÄúTrending as collabs‚Äù??? Jesus Christ are you speaking Esperanto? Is this some language twins teach each other? 
Add06203244, Mon Jan 25 16:28:00 +0000 2021, -74.169213, 41.336838, @yonatnwer @omrimaniv ◊õ◊ú ◊û◊ô◊ú◊î ◊ê◊†◊ô ◊©◊û◊ó◊™◊ô ◊©◊©◊ï◊†◊ê ◊ô◊©◊®◊ê◊ú ◊î◊ñ◊î ◊ó◊ò◊ï◊£ 
menaceinvelvet, Mon Jan 25 16:28:01 +0000 2021, -82.442694, 27.996595, when you don‚Äôt know the difference between hips and a waist 
Meglilsista, Mon Jan 25 16:28:01 +0000 2021, -80.339061, 27.469325, &amp;To Clear The Air I NEVER Called No Bitch Crying Apologizing Bout Shit üíÖüèæ Cause I Said Wtf I Said ü§∑üèæ‚Äç‚ôÄÔ∏è ONLY Thing‚Ä¶ https://t.co/uEkrQWcPSj 
baritonekeith, Mon Jan 25 16:28:01 +0000 2021, -79.272570, 43.629311, Another Canadian story üíîüíîüíî"Teen who worked at an LTC and died after COVID-19 was a Syrian refugee"  https://t.co/vl0ml5bDjn 
MelissaTReams, Mon Jan 25 16:28:01 +0000 2021, -79.420865, 38.003376, @RobinARileyEdu Miss you ladies #principalstrong 
nam0801, Mon Jan 25 16:28:01 +0000 2021, -73.769550, 40.763070, Just posted a video @ PFA, Premier Financial Alliance https://t.co/HrIz0LEIV4 
sheilam12749695, Mon Jan 25 16:28:01 +0000 2021, -77.604684, 41.117936, @ImABadJoke @THE_BLK_HOUSE @seanvol2 @enfantdelunaa @EbonyJackin Explain that 
pwikowo, Mon Jan 25 16:28:01 +0000 2021, -84.284682, 39.313395, cum 
CantQuitYa2017, Mon Jan 25 16:28:01 +0000 2021, -118.411907, 34.020789, I am dead #TimotheeChalamet https://t.co/hu4XhejMTX 
christyelainee, Mon Jan 25 16:28:01 +0000 2021, -112.124676, 33.552863, getting weekly death news at this point. smh 
marianegeorge03, Mon Jan 25 16:28:01 +0000 2021, -73.708745, 40.703539, a thread: i truly don‚Äôt understand how brown parents, maybe not specifically brown parents, but how some parents rr‚Ä¶ https://t.co/cSgPwbupWl 
conleyfanclub, Mon Jan 25 16:28:02 +0000 2021, -73.948775, 40.655138, ü•¥ 
JesusByProxy, Mon Jan 25 16:28:02 +0000 2021, -116.988022, 32.851180, @RJCity1 https://t.co/PcwOb6x8b2 
AmericaFirstLA, Mon Jan 25 16:28:02 +0000 2021, -118.411907, 34.020789, @charliekirk11 Absolutely not, the democrats weaponized the pandemic and everyone knows it. 
marianegeorge03, Mon Jan 25 16:28:02 +0000 2021, -73.708745, 40.703539, some ppl say ‚Äúoh that‚Äôs how some parents r‚Äù or ‚Äúoh that‚Äôs how brown parents r‚Äù as like an excuse but in reality it‚Ä¶ https://t.co/ehuUK92jke 
thetealpickle, Mon Jan 25 16:28:02 +0000 2021, -73.948775, 40.655138, https://t.co/V6RibhAetE 
tomasmendezbeck, Mon Jan 25 16:28:02 +0000 2021, -122.218075, 47.392311, Yes!!! https://t.co/wQGEhHdFQo 
marianegeorge03, Mon Jan 25 16:28:02 +0000 2021, -73.708745, 40.703539, how are u gunna bring a child into this world but not support ur kids dreams and wishes? how are u going to downgra‚Ä¶ https://t.co/sXWOU1a2wt 
marianegeorge03, Mon Jan 25 16:28:02 +0000 2021, -73.708745, 40.703539, personally it triggers me how my own parents can‚Äôt support me in what i want to do as i soon enter a chapter in my‚Ä¶ https://t.co/8EnEiltHEc 
LynnSachs, Mon Jan 25 16:28:02 +0000 2021, -119.306608, 37.269176, @JHoganGidley https://t.co/u3Oz9uLfIm 
becky_b1980, Mon Jan 25 16:28:02 +0000 2021, -86.435508, 36.965671, ‚ù§Ô∏è https://t.co/8IyunJVS0l 
RDL20, Mon Jan 25 16:28:02 +0000 2021, -75.401994, 40.226378, @jmbigos 2 
marianegeorge03, Mon Jan 25 16:28:02 +0000 2021, -73.708745, 40.703539, it‚Äôs always me trying to make up or give back so i‚Äôm not being guilt tripped but that‚Äôs not even enough for them. i‚Ä¶ https://t.co/tSrxhFPjnD 
EricHogue2012, Mon Jan 25 16:28:02 +0000 2021, -94.559281, 39.100048, Lmfao https://t.co/J0xjBstfjb 
AoiNatsuzora, Mon Jan 25 16:28:02 +0000 2021, -109.443649, 27.042769, Gente insultando, atacando, juzgando el f√≠sico, diciendo que parece esto o aquello, que est√° nerfeada, que parece h‚Ä¶ https://t.co/IRp5vBHn4Q 
marianegeorge03, Mon Jan 25 16:28:03 +0000 2021, -73.708745, 40.703539, all in all i can‚Äôt tolerate shit and use that shit as an excuse to cover up there toxic behavior. sorry for the thr‚Ä¶ https://t.co/KA7m7qJL6U 
BradEssex, Mon Jan 25 16:28:03 +0000 2021, -95.913642, 36.109392, I got another interview on Wednesday for reasor grocery store. 
ChelseaMediocre, Mon Jan 25 16:28:03 +0000 2021, -105.550890, 38.997936, @hwashington22 @_MelkyWay_ @taylorspixi @Catlady762 @catferatu @crazypuce @jk_rowling There are many men (biologica‚Ä¶ https://t.co/C38XqroyNF 
9Villa, Mon Jan 25 16:28:03 +0000 2021, -84.433106, 33.767195, Can‚Äôt depend on nobody these days you can only hope 
8fd8b60639b9497, Mon Jan 25 16:28:03 +0000 2021, -79.272570, 43.629311, https://t.co/j406nFAPLH 
EricTPurser, Mon Jan 25 16:28:03 +0000 2021, -83.804475, 27.698682, @Sethrogen @tedcruz Fuck you @Sethrogen 
Kicklahoma, Mon Jan 25 16:28:03 +0000 2021, -97.544430, 35.524789, .Please Read! .‚Ä¢ ZERO CONSIGNMENT this week!.‚Ä¢ We are NOT buying this week....#Kicklahoma #JGfromOKC @ Penn‚Ä¶ https://t.co/difC9hP21K 
VegasDiscreet, Mon Jan 25 16:28:03 +0000 2021, -117.022695, 38.502147, Both 3 and 4.  I‚Äôm a 2 occasionally tho ü§∑üèΩ‚Äç‚ôÇÔ∏è 
511NY, Mon Jan 25 16:28:03 +0000 2021, -72.700522, 41.757598, Cleared: Construction on #I84 EB at Exit 46 (WEST BOULEVARD) 
ClarkGlen60fla, Mon Jan 25 16:28:03 +0000 2021, -81.393653, 28.664804, @GentIemanLadies Most beautiful always! Love you honey 
DavidSanDiegoNH, Mon Jan 25 16:28:03 +0000 2021, -117.104989, 32.810012, I remain #skeptical today as I see news reports about @CAgovernor lifting the #stayathomeorder. I mean, we've been‚Ä¶ https://t.co/aW84u8YSL9 
NubianBby, Mon Jan 25 16:28:04 +0000 2021, -118.411907, 34.020789, Thought I was going to be tired for this 8a meeting but I‚Äôm Gucci pluuus it‚Äôs my Friday üòÅ 
bitfiddler, Mon Jan 25 16:28:04 +0000 2021, -84.296906, 33.772208, Eye makeup 
Maranda82544092, Mon Jan 25 16:28:04 +0000 2021, -117.969317, 35.121178, I‚Äôve been thru he‚Äôll and hot water to get here in my life 
JenStojanovich, Mon Jan 25 16:28:04 +0000 2021, -87.442915, 41.486272, @JimFitzgerald67 @WestLoopTom Another planet? 
Imani19143259, Mon Jan 25 16:28:04 +0000 2021, -86.791549, 36.200008, @SteveScalise https://t.co/jwscAmm7sB 
thenick_oftime, Mon Jan 25 16:28:04 +0000 2021, -118.132071, 34.049352, @eskobaydoh BARF Selfish ass Libra 
___gooseman, Mon Jan 25 16:28:04 +0000 2021, -77.493170, 37.529883, The PVP in Star Citizen is so fun, it‚Äôs like halo and siege mixed into one. Just wish there were more players to populate these servers :/ 
larrybu46710420, Mon Jan 25 16:28:05 +0000 2021, -100.010436, 32.467788, @MartyMakary There are two different kinds of immunity system going on in your body.The short term immunity.The d‚Ä¶ https://t.co/iR2jzRF0tk 
italianamobster, Mon Jan 25 16:28:05 +0000 2021, -79.272570, 43.629311, My schools like ‚Äú4 weeks of school (1 week of intros and 3 weeks of no large assignments), here‚Äôs your reading week‚Ä¶ https://t.co/GPF2AjsPmu 
coreybehnke, Mon Jan 25 16:28:05 +0000 2021, -88.008198, 44.523173, It could have been worse.My grandpa could have been a Bears or Vikings fan.#GoPackGo 
Midpacklikback, Mon Jan 25 16:28:05 +0000 2021, -122.435979, 37.770657, @AaronLaforte0 We gon see what he do 
CoachKearsley, Mon Jan 25 16:28:05 +0000 2021, -98.675733, 35.538063, Starting the week off with a BANG!DAWGS IN THE HOUSE, DAWGS IN THE HOUSE‚ÄºÔ∏è#21DawgStreet #SpotTheBall https://t.co/vFvpoUUD9j 
LudovicSpeaks, Mon Jan 25 16:28:05 +0000 2021, -122.279521, 37.875845, @Razafirme Separate or they agree with Brady and disagree with Colin? 
kiaraaray, Mon Jan 25 16:28:05 +0000 2021, -86.244729, 32.364145, letssss fucking gooooo‚ù§Ô∏è‚ù§Ô∏è‚ù§Ô∏è‚ù§Ô∏è 
RobRodgersSE, Mon Jan 25 16:28:05 +0000 2021, -118.411907, 34.020789, @Steve8yanks Unlucky. Very, very unlucky. 
ElKneegrowUno, Mon Jan 25 16:28:05 +0000 2021, -95.446486, 29.838495, Pink+White by Frank Ocean 
JabariCS, Mon Jan 25 16:28:06 +0000 2021, -79.272570, 43.629311, @Beys_Accountant Figureddddd 
crccwcdad, Mon Jan 25 16:28:06 +0000 2021, -77.654339, 39.934027, @eberfwink07 Lol 
CaseyTheIcon, Mon Jan 25 16:28:06 +0000 2021, -87.732013, 41.833585, Riding round Indy with @KailaAnne_ during this time was lit af 
ElKneegrowUno, Mon Jan 25 16:28:06 +0000 2021, -95.446486, 29.838495, Never saw the hype until that song life‚Äôs been different ever since 
vaalenava, Mon Jan 25 16:28:06 +0000 2021, -97.285913, 32.779967, This week is gonna be a good week because I said so 
SykotikSanity, Mon Jan 25 16:28:06 +0000 2021, -118.203481, 33.999766, I asked my man to take me &amp; he said yes üòÅ https://t.co/rdLp3QsgEt 
RobertNutterJr, Mon Jan 25 16:28:06 +0000 2021, -80.243645, 39.297381, @thepainguy I tried to mimic Taillon's arm action throwing with my nephew and I couldn't lift my arm up for a week. 
nelroy78, Mon Jan 25 16:28:06 +0000 2021, -79.861034, 35.170499, @CJinPinstripes Swap the Reds and Cardinals. I know STL is more south than CIN but can‚Äôt split the Cubs and Cardina‚Ä¶ https://t.co/eEpclOw3Ce 
DarthDandious, Mon Jan 25 16:28:06 +0000 2021, -90.011008, 29.982601, https://t.co/n3xR2QBtzU 
BMDschoolsPRguy, Mon Jan 25 16:28:06 +0000 2021, -76.620482, 39.284713, Please read this and get the informed. 
tmj_mi_sales, Mon Jan 25 16:28:07 +0000 2021, -87.395595, 46.547582, Can you recommend anyone for this job? Sales Associate - https://t.co/yQIGTDXtDK #Sales #Marquette, MI 
tmj_sat_edu, Mon Jan 25 16:28:07 +0000 2021, -98.493628, 29.424122, Can you recommend anyone for this #Education job in #SanAntonio, TX? Click the link in our bio to see it and more.‚Ä¶ https://t.co/ENhglbAkMP 
MorganGreenMSU, Mon Jan 25 16:28:07 +0000 2021, -88.821688, 33.456504, It is deceivingly warm outside today...January, the South‚Äôs weather trickster. 
HenlinePaige, Mon Jan 25 16:28:07 +0000 2021, -95.275990, 29.424824, About to see what the hype is about and start Bridgerton 
tmj_TX_UTIL, Mon Jan 25 16:28:07 +0000 2021, -95.593239, 29.867388, We're hiring! Click to apply: Service Sales Representative - First Aid and Safety https://t.co/XJzj2huFPC #cintasjobs #Salesrep 
Volette01, Mon Jan 25 16:28:07 +0000 2021, -84.280194, 34.073344, @clearenergy @ClimateDepot What is rejected energy? 
peadeua, Mon Jan 25 16:28:07 +0000 2021, -98.540651, 29.417501, @GINABENCOSME @JazminRamirez88 @EzequielM_R @laluzjose @DoctorFarola @RicardoRipoll @alonzocarlos Eso suena a chant‚Ä¶ https://t.co/7zAbJTP8zn 
moyermusicroom, Mon Jan 25 16:28:07 +0000 2021, -84.311146, 39.078552, A little @yogawithadriene today with @sfreysummit 2nd graders.... chatting about how both music and movement can he‚Ä¶ https://t.co/PIRGQ3mGuq 
kazuyamiishima, Mon Jan 25 16:28:07 +0000 2021, -80.345263, 27.300765, @blkgrrlpendeja Your teacher? üíÄ 
CTDOT_Statewide, Mon Jan 25 16:28:07 +0000 2021, -72.663161, 41.811003, Road Work - WINDSOR #I91 North at Exit 35 (I-291EB) at 1/25/2021 11:27:31 AM #cttraffic 
CTDOT_District1, Mon Jan 25 16:28:07 +0000 2021, -72.663161, 41.811003, Road Work - WINDSOR #I91 North at Exit 35 (I-291EB) at 1/25/2021 11:27:31 AM #cttraffic 
ThePolypreneur, Mon Jan 25 16:28:07 +0000 2021, -111.997441, 40.678703, @souloh03 Bet https://t.co/vlDeosN75z 
JToscano, Mon Jan 25 16:28:07 +0000 2021, -77.014398, 38.898603, @davidmweissman https://t.co/UdcJSaJQ3w 
TheFatSkinnyMan, Mon Jan 25 16:28:07 +0000 2021, -86.132449, 39.963250, If you let something go don‚Äôt expect it to come back. 
cohenss, Mon Jan 25 16:28:07 +0000 2021, -92.436774, 38.304558, Read Hawley's letter for yourselfhttps://t.co/WVKyaNhOGZ https://t.co/ghsK319axR 
CROSSMARKJobs, Mon Jan 25 16:28:07 +0000 2021, -117.566438, 33.875293, See our latest #Corona, CA job and click to apply: Reset/Retail Merchandiser Part Time for SPROUTS - https://t.co/kpJ3GgWEYb #Merchandiser 
SoFLYDylan, Mon Jan 25 16:28:08 +0000 2021, -115.223125, 36.232915, @SrsGrillGamer I‚Äôm both ü•≥üòãüòé 
Thilleshiem_, Mon Jan 25 16:28:08 +0000 2021, -90.386540, 43.342360, Happy Monday EO You are worthy of love @ Richland Center, Wisconsin https://t.co/wYvmF0NL8t 
BobbiBidochka, Mon Jan 25 16:28:08 +0000 2021, -73.861227, 45.423208, @CELeshner Good luck üçÄ 
MALAVlDA, Mon Jan 25 16:28:08 +0000 2021, -118.018856, 33.975918, Nothing like being rolled up on by the cops on a Monday morning when u minding ya business :-)))) 
loki_lyo, Mon Jan 25 16:28:08 +0000 2021, -122.435979, 37.770657, –Ø –Ω–∞ —Å—Ç–æ –ø—Ä–æ—Ü–µ–Ω—Ç–æ–≤ —É–≤–µ—Ä–µ–Ω–∞, —á—Ç–æ –∫–æ–≥–¥–∞ –∫–∞—Ä–∞–Ω—Ç–∏–Ω —Å–Ω–∏–º—É—Ç –∏ –≤–Ω–æ–≤—å —Ä–∞–∑—Ä–µ—à–∞—Ç –º–∞—Å—Å–æ–≤—ã–µ —Å–±–æ—Ä–∏—â–∞, –°–∞–Ω –§—Ä–∞–Ω—Ü–∏—Å–∫–æ –Ω–∞ –Ω–µ–∫–æ—Ç–æ—Ä–æ–µ‚Ä¶ https://t.co/6l6QyTrSgh 
PADAPADADECORO2, Mon Jan 25 16:28:08 +0000 2021, -80.177668, 25.905606, @el_pais Art√≠culo estupido.....TRUMP ES MILLONARIO DESDE ANTES 
Ryder_Realtor, Mon Jan 25 16:28:08 +0000 2021, -98.646481, 29.743311, Now Available, 1-Story  home with 4 bedrooms 3.5 baths , 3-car side garage. 2,800 sqft. ü§©List Price : $589,000 https://t.co/F2rlvu9x2H 
DnDnas, Mon Jan 25 16:28:08 +0000 2021, -82.935915, 42.509768, Just because I don‚Äôt wanna link on your terms you block me like I even care üòÇüòÇüòÇ   WEIRD https://t.co/GZ3If9zf2X 
Jrussellforhire, Mon Jan 25 16:28:09 +0000 2021, -78.562584, 38.823871, @Ronnie_Rockit How to Start Voice Acting: Making a Career Choice in 2021 https://t.co/rZ6zLaDKFo via @voices 
MarkD629, Mon Jan 25 16:28:09 +0000 2021, -79.857363, 36.090397, @Yeehawholliday @AmMiller1112 @UrMainPritchh @ColtG123 @BeanditoLeather @TheDrake_Jones @jimpeterson99 @setx_ke‚Ä¶ https://t.co/VLv8ifXsi1 
thejordanelyse, Mon Jan 25 16:28:09 +0000 2021, -84.433106, 33.767195, @kerstennnjanee Thank you! 
doble_R_odolfo, Mon Jan 25 16:28:09 +0000 2021, -101.166961, 25.032632, Jajajajaja el hilo del putillo. ü§£ü§£ü§£ 
Nita2124, Mon Jan 25 16:28:09 +0000 2021, -122.496290, 48.393565, @ChuckRossDC @bdomenech Fauci is a media whore 
DreezyNapz, Mon Jan 25 16:28:09 +0000 2021, -75.770041, 42.746617, If ya paper burning stupid it‚Äôs prolly cuz u left too much paper on it.. even if it‚Äôs stuffed that shit be too much‚Ä¶ https://t.co/qrANW7X5wo 
MobGyalB, Mon Jan 25 16:28:09 +0000 2021, -83.173867, 32.678207, I feel so light 
8fd8b60639b9497, Mon Jan 25 16:28:09 +0000 2021, -79.272570, 43.629311, https://t.co/I0a1vIaF3G 
SusieVC, Mon Jan 25 16:28:09 +0000 2021, -120.882482, 47.273022, North Korean Defector Exposes Kim Jong Un &amp; China https://t.co/GwdLxE0y0Q via @YouTube LIFE CHANGING INTERVIEW 
almighty_red, Mon Jan 25 16:28:09 +0000 2021, -73.948775, 40.655138, if $MRNA touches $150 today i might cut it. 
Wayfarer_Sami, Mon Jan 25 16:28:09 +0000 2021, -75.117998, 40.004866, @PhlLyfe @S_JawaraWalker @AbuKhalilRashid They wanted to FIRE FRANK!! Doug fought for him and we won the bowl the next year. 
JtheShep, Mon Jan 25 16:28:09 +0000 2021, -97.135638, 32.701850, @JazzOtter Yuh, one of us is the host and we summon the other and run through a zone together 
trelyday23, Mon Jan 25 16:28:09 +0000 2021, -98.319925, 38.498196, That is not what this says lol 
RJEmann, Mon Jan 25 16:28:10 +0000 2021, -81.705467, 41.495940, @FriendsWrestle You've seen....all the movies?Oh yeah, I'm a big fan of the movies. Motion pictures. The talkies. 
jon_palmer4133, Mon Jan 25 16:28:10 +0000 2021, -77.604684, 41.117936, @ForzaCorrado 
CoachNowell, Mon Jan 25 16:28:10 +0000 2021, -90.886844, 32.321868, Game week!  Time to get it! #ifthebaraintbendingyourejustpretending #gatorpowerlifting #212degrees @ Vicksburg High‚Ä¶ https://t.co/TJz33UQWAA 
Hennessy_Avi, Mon Jan 25 16:28:10 +0000 2021, -122.044814, 37.592159, Arcades are basically Casinos for kids 
kejamarketing, Mon Jan 25 16:28:10 +0000 2021, -76.255686, 36.895082, @GabeNiles The article said the stopped trading briefly on GameStop this morning because it‚Äôs run is hyped by people on social media ...... 
isaacthought, Mon Jan 25 16:28:11 +0000 2021, -98.540651, 29.417501, @jasonkairivera Bitch has no drip https://t.co/F0aIWBV0Yb 
favoritebarista, Mon Jan 25 16:28:11 +0000 2021, -122.630908, 45.536402, it‚Äôs litty titty üî• https://t.co/76EwJEUBGO https://t.co/jOifLcCjPH 
kvngrimes, Mon Jan 25 16:28:11 +0000 2021, -87.732013, 41.833585, @skyeaxe @ashirangi no offense, but I just so happen to be taking a morning shit while reading ur tweet üê£ üí© 
JacsonBevens, Mon Jan 25 16:28:11 +0000 2021, -122.430277, 48.753353, @GHBigWhite Big time 
DaHitman4, Mon Jan 25 16:28:11 +0000 2021, -77.264340, 39.170112, @BizziBeing üòÜ 
GumboGoon, Mon Jan 25 16:28:11 +0000 2021, -95.326899, 29.547885, I smell the pack already https://t.co/z6ROen60Lj 
SirWilliams89, Mon Jan 25 16:28:11 +0000 2021, -72.674840, 41.766810, üí™üèæüíØ @ Spice Venue https://t.co/8oabNHoCmV 
RealJohnnyBoy95, Mon Jan 25 16:28:12 +0000 2021, -96.832009, 32.959788, Monday after the Super Bowl needs to become an observed American holiday 
zachdenobrega, Mon Jan 25 16:28:12 +0000 2021, -95.692541, 29.559427, https://t.co/hHxYDQ7DPz 
vinnyc52, Mon Jan 25 16:28:12 +0000 2021, -87.863898, 41.904176, @people4kam @Brasilmagic It‚Äôs not true and the NY Times owes President Biden a major apology. 
gmoneygetsmonie, Mon Jan 25 16:28:12 +0000 2021, -85.847064, 38.953126, https://t.co/J3695NK1wp 
tnikithser, Mon Jan 25 16:28:12 +0000 2021, -79.980689, 40.431389, @ShipStation trying to ship stuff can you work please? 
DanaFulmer, Mon Jan 25 16:28:12 +0000 2021, -118.411907, 34.020789, @atrupar Of course, if not Disney, who else will teach the mini Magats about the others. 
ivingffhs, Mon Jan 25 16:28:12 +0000 2021, -80.163042, 26.442273, @jacktodd46 The real question is what happened to the Arkansas that elected Bill Clinton its Governor. 
kylah_2x, Mon Jan 25 16:28:12 +0000 2021, -90.158017, 32.230987, happppppppy mfn birthdayyyyyy to meeeeeee üíïü•≥ #AquariusSeason https://t.co/OfnzSa0520 
MikeDrewWhat, Mon Jan 25 16:28:13 +0000 2021, -93.105649, 44.941516, @interfluidity Again, I am *also* saying that prosperity is not a major factor.We have a phenomenon - falling fer‚Ä¶ https://t.co/vkF1nefLhW 
RollCall_Pod, Mon Jan 25 16:28:13 +0000 2021, -118.411907, 34.020789, @jalapenopoppe Hilarious but insightful.  Behind the scenes Hollywood with celebrity actors, athletes, musicians, d‚Ä¶ https://t.co/kYHyWp7FW1 
VanessaChrisley, Mon Jan 25 16:28:13 +0000 2021, -83.500000, 33.000000, Just posted a photo @ Georgia https://t.co/aQYFntvF4D 
karyssa_binger, Mon Jan 25 16:28:13 +0000 2021, -89.075124, 41.928328, @Caelin_44 I could honestly go on and on about the stuff they complain about but it would be never ending lol 
psd_futures_lab, Mon Jan 25 16:28:13 +0000 2021, -105.063942, 40.564190, Welcome, A Day Learners! Our young entrepreneurs in Biz Inc digging in to their plan for the week with‚Ä¶ https://t.co/bPEO2iWbNP 
hasu_longtail, Mon Jan 25 16:28:13 +0000 2021, -79.272570, 43.629311, „Å®„ÅÖ„Åó„Åè„Çì‚Ä¶„Åï„Åô„Åå„Åß„Åô„Çè‚Ä¶Âøô„Åó„ÅÑ‰∫∫Âêë„Åë„ÅØËçâÁîü„Åà„Åü 
Roberta43242299, Mon Jan 25 16:28:13 +0000 2021, -78.947448, 43.010470, https://t.co/3NKcSlkOBS 
Kenneth15592099, Mon Jan 25 16:28:13 +0000 2021, -88.945997, 34.737583, @MelodySaleh @M_Cobbett71 @OrsielaW @lifeboatmusic @BoylaminSanneh @offljarvis @rain45315 @StumpyCatBooks‚Ä¶ https://t.co/4s3eu4vuRV 
poundsmith2, Mon Jan 25 16:28:14 +0000 2021, -89.683932, 39.779058, This is not a political post. This is not smug. This is a simple request. Please do all you can to reduce the numbe‚Ä¶ https://t.co/hZGcWGghCI 
fallynforyou_, Mon Jan 25 16:28:14 +0000 2021, -77.195142, 39.020190, @alkaseltzeruser You should get this tattooed because it deadass should be ur motto üòÇüòÇüíÄ 
qboogi3e, Mon Jan 25 16:28:14 +0000 2021, -77.014398, 38.898603, @AB__25 Only thing Harden got is the MVP and anybody who really know, know Wade should‚Äôve had one of those tll 
yeselson, Mon Jan 25 16:28:14 +0000 2021, -77.014398, 38.898603, @JoshuaMZeitz I ( not an academic, but I play one on twitter) had a great thought about it when I read it ten days‚Ä¶ https://t.co/JH5DRTT706 
lbass007, Mon Jan 25 16:28:14 +0000 2021, -73.709589, 45.605568, @MissieDeeDee Good Morning Shelly !! 
itznoneofurbiz, Mon Jan 25 16:28:14 +0000 2021, -87.732013, 41.833585, @byrninlove I‚Äôm just trying to ~relax~ ! 
only1_deshaun, Mon Jan 25 16:28:15 +0000 2021, -91.401008, 30.937336, @Ykslimm_ Hopefully it ain‚Äôt nun too serious he the glue for them boys 
DRyan327, Mon Jan 25 16:28:15 +0000 2021, -96.835249, 33.150140, @NaudreySt2 Hi Audrey.  Welcome back.  You‚Äôre my new #follower #followback? 
Butter72035882, Mon Jan 25 16:28:15 +0000 2021, -87.732013, 41.833585, @AuldBeatle51 @wendyOrourke @u_covers Hahahaha! Right answer Ericka 
hadary_sanchez, Mon Jan 25 16:28:15 +0000 2021, -110.676221, 28.008597, @tatianahinostro Que linda eresü•∫ 
TakeTheBumpPod, Mon Jan 25 16:28:15 +0000 2021, -86.680738, 32.576227, @goodbadwrestle The rest of the english breakfast I had was outstanding. But that black pudding..... oh god why? 
Nikkiinthecut, Mon Jan 25 16:28:15 +0000 2021, -86.851177, 35.935017, Why did I not realize they‚Äôre the same person ...? üò≠üòÇ 
PAHamlett, Mon Jan 25 16:28:15 +0000 2021, -90.415837, 36.759378, https://t.co/19UHOvTJhX 
54gkennedy, Mon Jan 25 16:28:15 +0000 2021, -79.420865, 38.003376, EMERGENCY PRESSER NOT A DRILL 
pdngrfld, Mon Jan 25 16:28:15 +0000 2021, -114.465155, 42.561255, It's hard to defend some of his positions, but are we getting the TRUTH. Most of what I read is FAKE NEWS!MSM=FAKE‚Ä¶ https://t.co/SbQoAdQlwt 
ElTejanoNews, Mon Jan 25 16:28:15 +0000 2021, -98.806069, 26.365160, List of arrests #starr https://t.co/SdBTehRDEt 
GregAnswers, Mon Jan 25 16:28:15 +0000 2021, -83.804475, 27.698682, @FliesLiberty @JackPosobiec Give #ChinaJoe  a chance. 
Call_Me_Cash, Mon Jan 25 16:28:16 +0000 2021, -95.990175, 30.083158, The senioritis is real mane. Ion wanna do no kinda school work at all üòÖ. May 15th wua6 
sethmrosen, Mon Jan 25 16:28:16 +0000 2021, -73.968542, 40.780709, üëèüëèüëèüëèüëèüëèüëè 
kindabushra, Mon Jan 25 16:28:16 +0000 2021, -83.729972, 42.270839, @BigPussyMamaJr like they half ass everything they do yet expect perfection from their students üòë 
TheDanMcGee, Mon Jan 25 16:28:16 +0000 2021, -72.520975, 42.410860, We delved deeply into this year‚Äôs recruiting class, coaching changes, the 2021 UMass football schedule and more. Yo‚Ä¶ https://t.co/KeBQTsVe35 
JToscano, Mon Jan 25 16:28:16 +0000 2021, -77.014398, 38.898603, @cmclymer https://t.co/UdcJSaJQ3w 
_Andrae, Mon Jan 25 16:28:16 +0000 2021, -96.761753, 32.819858, Yep 
8fd8b60639b9497, Mon Jan 25 16:28:16 +0000 2021, -79.272570, 43.629311, https://t.co/iEw8sCgSTA 
overnightjoy, Mon Jan 25 16:28:16 +0000 2021, -94.561594, 39.204445, Yeah literally why. Have high covid anxiety cause no one seems to care and feels like you can get it at any moment‚Ä¶ https://t.co/Vj3TVElJuY 
MilwaukeeBest_8, Mon Jan 25 16:28:17 +0000 2021, -87.870973, 42.972925, #PatIDontWantToOverreactBUT time for the pack trade rodgers to a team that cares to win him one more 
Majichands2, Mon Jan 25 16:28:17 +0000 2021, -102.104627, 31.994300, Lol too funny nl 
trapkaykay, Mon Jan 25 16:28:17 +0000 2021, -76.949078, 39.054680, Being an adult = ghetto ü•¥ 
learyjen, Mon Jan 25 16:28:17 +0000 2021, -75.117998, 40.004866, @elenagooray Sure. I‚Äôll shoot you an email. 
PrologistixJobs, Mon Jan 25 16:28:17 +0000 2021, -81.174750, 32.172347, See our latest #Savannah, GA job and click to apply: 1st Shift Clamp Operator:Monday-Saturday - https://t.co/hTQ3WdNzoL 
LVazquez6205, Mon Jan 25 16:28:17 +0000 2021, -99.726569, 27.473712, @jalozaro Hombre que bueno exelente me da gusto. 
myamarie__, Mon Jan 25 16:28:17 +0000 2021, -83.173867, 32.678207, I really saw somebody say ‚Äúoutta the country is cool but Miami is just different‚Äù whatttt ü•¥clearly y‚Äôall ain‚Äôt been‚Ä¶ https://t.co/0Mu0MqJoFF 
AdamWieherdt, Mon Jan 25 16:28:17 +0000 2021, -119.555549, 49.186493, @jessiegender Agreed. However, I think maybe the point was to show how even in the 24th century people are still so‚Ä¶ https://t.co/aFBrn83QIv 
tmj_miu_edu, Mon Jan 25 16:28:17 +0000 2021, -83.334959, 42.643378, NHA exists to transform the lives of students and enrich communities by delivering high-quality educational choices‚Ä¶ https://t.co/jRvccUbzlT 
onenuttodd, Mon Jan 25 16:28:17 +0000 2021, -118.411907, 34.020789, @scottfawcett Did she drive the 17th green? 
_iSpeakDaTruth, Mon Jan 25 16:28:18 +0000 2021, -95.446486, 29.838495, I‚Äôve been seeing Egusi Soup across my TL so I decided to go to YouTube &amp; search it up. That shit look good!!! 
IvanFlipzVelez, Mon Jan 25 16:28:18 +0000 2021, -118.411907, 34.020789, #happy #monday ü§©LET‚ÄôS START THE WEEK OFF WITH GOOD VIBES‚ÄºÔ∏è 
Monique_Leshman, Mon Jan 25 16:28:18 +0000 2021, -74.006400, 40.714200, Just posted a photo @ New York, New York https://t.co/9ACu48nXpI 
RonaldR16528860, Mon Jan 25 16:28:18 +0000 2021, -111.931711, 34.168253, @smc429 We definitely have a problem here but dont let it discourage us from our fight for equality.Our fight conti‚Ä¶ https://t.co/IONKXAUcS3 
aloha_caleb96, Mon Jan 25 16:28:18 +0000 2021, -117.480990, 33.994912, Same lol 
zeusanna, Mon Jan 25 16:28:18 +0000 2021, -71.683502, 42.036939, I agree. 
cmpetey, Mon Jan 25 16:28:18 +0000 2021, -112.021045, 46.597517, They need to sue former President Trump, Fox and basically every single conservative outlet. Almost all of them pus‚Ä¶ https://t.co/JgAIY8n8ja 
beverc91, Mon Jan 25 16:28:18 +0000 2021, -83.181109, 42.499844, Ditto. 
MsBunny17, Mon Jan 25 16:28:19 +0000 2021, -96.761753, 32.819858, Chicken, Salmon, or Steak tonight 
HoggStanDan, Mon Jan 25 16:28:18 +0000 2021, -74.110548, 40.877607, Post 4 favourite of a certain genre. I got: Period Romance Reply for a genre https://t.co/IHp7xvESMc 
Connor_J_Hughes, Mon Jan 25 16:28:18 +0000 2021, -74.713583, 40.278782, Referenced this story, written shortly after Joe Douglas‚Äô #Jets hire, several times in recent weeks. Why not prom‚Ä¶ https://t.co/MBbezJvgej 
blawrence_pga, Mon Jan 25 16:28:19 +0000 2021, -79.913521, 43.260695, @Flagstick @jasonSCOREGolf Let‚Äôs hope your ‚Äúyears at PGA online‚Äùstreak ends at 1! 
Sports_Rube, Mon Jan 25 16:28:19 +0000 2021, -89.569491, 44.900818, @DanBarreiroKFAN @jgkfan opener to the show today? 
bitchonarrival, Mon Jan 25 16:28:19 +0000 2021, -79.272570, 43.629311, It‚Äôs honestly a crime that I‚Äôm not at 100K yet ok Instagram. Go follow me @boathrdragqueenü•∞ü•∞ü•∞ 
MaceyJadeXXX, Mon Jan 25 16:28:19 +0000 2021, -93.021284, 34.486531, @stellabeefan1 How pretty my pussy is ü•∞ 
RCMB323, Mon Jan 25 16:28:19 +0000 2021, -101.897173, 33.570526, @J_Thomas_24 That‚Äôs what sports debates are all about, technicalities 
LennyChevere, Mon Jan 25 16:28:19 +0000 2021, -88.205959, 41.976145, https://t.co/gJJwZPuB5u 
EliuAlbelo, Mon Jan 25 16:28:19 +0000 2021, -81.300530, 28.480230, Just posted a photo @ Best Deal Window Tint https://t.co/bA8NClD6mV 
pastorbmoss, Mon Jan 25 16:28:19 +0000 2021, -75.543491, 38.364367, Intern program blowing and growing! @ Oak Ridge Baptist Church https://t.co/22gngXTzKM 
niicoluv, Mon Jan 25 16:28:20 +0000 2021, -117.119517, 33.501021, @v_ix_mcmxcvii Frrrrrüò≠üò≠üò´ 
Natashaicwhatud, Mon Jan 25 16:28:19 +0000 2021, -100.076888, 31.168893, Yay 
UpasnaGautam, Mon Jan 25 16:28:20 +0000 2021, -97.754724, 30.323346, HOLY CRAP. 320 of you signed up for this one! There‚Äôs still time to register if you haven‚Äôt already! Seeya tonight!https://t.co/ztAp0hHUFU 
BernadetteNTF, Mon Jan 25 16:28:20 +0000 2021, -122.818486, 49.111519, @Ezim79 @RobertVosFrere @Pauline_Revere3 @keriRN @poppij @GreatTammie @zazzybritches @ThomONeil1 @Saline_tRick‚Ä¶ https://t.co/mRDtdNIPC0 
SteveKingIA, Mon Jan 25 16:28:20 +0000 2021, -93.389864, 41.938228, @MZHemingway .@Liz_Cheney showed her fatal leadership flaws two years ago. 
fox_simply, Mon Jan 25 16:28:20 +0000 2021, -77.765703, 34.299703, @Homeoffree61 Absolutely but I think the problem is they don‚Äôt have sufficient product 
AnnaIsRad_, Mon Jan 25 16:28:20 +0000 2021, -104.735476, 40.414496, Breaking up with someone who didn‚Äôt care to begin with is a different type of hurt 
conleyfanclub, Mon Jan 25 16:28:20 +0000 2021, -73.948775, 40.655138, @aliyahvallen üò≠üò≠üò≠ 
AshleyySimone21, Mon Jan 25 16:28:20 +0000 2021, -74.379876, 41.450105, I‚Äôm not even looking there unless it‚Äôs looking at me 
HalfBreedMe, Mon Jan 25 16:28:20 +0000 2021, -122.658662, 49.099138, @TSN1040 @JasonBroughTSN Fire his Ass 
tripppage, Mon Jan 25 16:28:20 +0000 2021, -122.300129, 47.827984, @eclittlejohn Dude, this will go down as one of the greatest things to happen on the internet. Now, is it possibl‚Ä¶ https://t.co/WXZ5LZJjIR 
MattyLadz, Mon Jan 25 16:28:21 +0000 2021, -74.217056, 41.490301, @JordanRaanan Lame. They should have chosen 2 COVID nurses. Like @ashleyladka or @jennamalouf @Giants smh 
FineeeAssAna, Mon Jan 25 16:28:21 +0000 2021, -87.732013, 41.833585, Drew said ‚Äúdon‚Äôt fuck wit me I‚Äôm from CHICAGO b*tch‚Äù üò≠üò≠üò≠ 
cheyymarie2012, Mon Jan 25 16:28:21 +0000 2021, -84.557899, 42.712049, Eat your own words lmfao.. ü§¶üèº‚Äç‚ôÄÔ∏èü§¶üèº‚Äç‚ôÄÔ∏è 
MoreYaz27, Mon Jan 25 16:28:21 +0000 2021, -74.184848, 40.734494, ‚ÄúI like to be fucked like a sluttttttt‚Äù 
_kmrx, Mon Jan 25 16:28:21 +0000 2021, -71.088712, 42.313670, My sister bd came over &amp; my mom goes ‚ÄúI knew I smelled a fat ass bitch‚Äù 
alau4, Mon Jan 25 16:28:22 +0000 2021, -71.671376, 48.588770, @Webstormer Le seul probl√®me, √† votre raisonnement c‚Äôest que ses cotes d‚Äô√©coute reste tr√®s bonne. 
CourtneyRC9, Mon Jan 25 16:28:21 +0000 2021, -90.762848, 37.933568, Bruno and me https://t.co/k33Irwcnxn 
HLANDTHREADER, Mon Jan 25 16:28:22 +0000 2021, -78.634900, 35.778100, üéâüé£ Tag that negligent friend! ü§£https://t.co/mQBuWxSh8wFishing Tackle Cheaper Than Walmart! @ Raleigh, North Carol‚Ä¶ https://t.co/CXKhNXYD0n 
DDCkeystone2018, Mon Jan 25 16:28:22 +0000 2021, -80.182822, 40.270158, @donwinslow @SenSchumer @LeaderMcConnell That SOB!  Does he ever go away?  Ever? 
parisdevill, Mon Jan 25 16:28:22 +0000 2021, -98.540651, 29.417501, @solelunastro @HoneysAstro She don‚Äôt even know what she saying because Gemini sun and moon I will literally talk to‚Ä¶ https://t.co/DkUexOhdyL 
WaltersAkua, Mon Jan 25 16:28:22 +0000 2021, -73.667436, 41.006242, @nordigirl2 @MaestroPetrie it would actually. If you get rid of the health insurance industry, overnight hundreds o‚Ä¶ https://t.co/o4v0sbrKxp 
rave_bean, Mon Jan 25 16:28:22 +0000 2021, -73.879441, 41.608910, @Fit_Marguerite I‚Äôd like to see that 
gameofficial, Mon Jan 25 16:28:22 +0000 2021, -76.783897, 38.764564, @tucks101 @BlackMrWilson @5Missy3 @ThomasRoyko @PeoplesParty_US That‚Äôs asinine!   The conservative legislators repr‚Ä¶ https://t.co/TkoFgOxdgk 
DCWard7teacher, Mon Jan 25 16:28:22 +0000 2021, -77.014398, 38.898603, @alpert @BeckyCReina @captainstardust @dcpublicschools @PerryStein It‚Äôs implied in the narrative you‚Äôre pushing bec‚Ä¶ https://t.co/YKbsO3iILO 
HumblyB, Mon Jan 25 16:28:22 +0000 2021, -122.935226, 46.971318, @80sForNow I had Seaspray. One of many Transformers. Great toys! 
dtime850, Mon Jan 25 16:28:22 +0000 2021, -84.266174, 30.476216, Damn Larry died ? 
Pedrodapimp, Mon Jan 25 16:28:23 +0000 2021, -115.548036, 32.774585, @fucksalvaador maybe it‚Äôs been you all along 
8fd8b60639b9497, Mon Jan 25 16:28:23 +0000 2021, -79.272570, 43.629311, https://t.co/144Pi7Eu86 
djvictorchatman, Mon Jan 25 16:28:23 +0000 2021, -86.791549, 36.200008, TONIGHT: #MoMusicMondays https://t.co/ZWOD8KRfX0 
RogersLabUCD, Mon Jan 25 16:28:23 +0000 2021, -121.739163, 38.558554, Check it out! Watched the movie yesterday and I highly recommend! üëÄ 
FrankieVargas_, Mon Jan 25 16:28:23 +0000 2021, -118.411907, 34.020789, I swear the unit above us practices bowling. Spins and drops that shit. üòñüôÑ 
leodanis13, Mon Jan 25 16:28:23 +0000 2021, -77.688536, 43.251452, @herbmen15 Estoy seguro que sino ubiesen llegado esos fichajes tan caros el todav√≠a estuviera ah√≠, pero es que le t‚Ä¶ https://t.co/rudtc4KL9O 
KVNG_CHVNDLER, Mon Jan 25 16:28:23 +0000 2021, -76.229213, 36.298609, Let polo have a album anywhere near me... idc if he in Tennessee I‚Äôm takin a road trip. ü§∑üèæ‚Äç‚ôÇÔ∏è 
ItzMrBlunt2Yall, Mon Jan 25 16:28:23 +0000 2021, -117.000831, 32.705576, Let‚Äôs GO 
iflyhannah, Mon Jan 25 16:28:23 +0000 2021, -82.160865, 29.120223, Angel energy üòá https://t.co/b2vY7TxME2 
JackNewmanActor, Mon Jan 25 16:28:23 +0000 2021, -79.272570, 43.629311, How do so many slip through the cracks of education? 
Hugo07527330, Mon Jan 25 16:28:23 +0000 2021, -112.915918, 31.704973, Yo despu√©s de ver #CobraKai la tercera temporada https://t.co/kyoHLrD2Pb 
RoseamaBinLaden, Mon Jan 25 16:28:24 +0000 2021, -84.266174, 30.476216, I love Brady in the SB taking bets starting Friday 
erickstheone, Mon Jan 25 16:28:24 +0000 2021, -98.716992, 35.309047, Because this seems fair... 
IBeDerek_, Mon Jan 25 16:28:24 +0000 2021, -85.170051, 41.086917, Blessed = b-less 
clarenenx, Mon Jan 25 16:28:24 +0000 2021, -77.106830, 38.722179, I‚Äôm GIRLS 
sddphoto, Mon Jan 25 16:28:24 +0000 2021, -111.740890, 33.603910, He needs to check the dictionary for the definition of muzzle 
Rparksjr85, Mon Jan 25 16:28:24 +0000 2021, -77.403441, 39.003936, @KimeeBe Because we live in America 
Slasher, Mon Jan 25 16:28:24 +0000 2021, -73.968542, 40.780709, psychotic redditors and gamers manipulating the stock market. I love it https://t.co/z8T44nQiXP 
neilkatz, Mon Jan 25 16:28:24 +0000 2021, -78.603128, 36.280209, Amazon truck parked in Walmart lot. @Walmart @amazon https://t.co/qZAYmdzbNS 
billshoemaker21, Mon Jan 25 16:28:25 +0000 2021, -76.488585, 39.264492, Transfers https://t.co/JmXGWLhEsA 
digitalzapper, Mon Jan 25 16:28:25 +0000 2021, -84.552726, 39.217719, @bestfiends All Y‚Äôall make the most of every move üëç Hopefully the pieces will fall to your vantage.If ya don‚Äôt mak‚Ä¶ https://t.co/5VFTqkUF2c 
Keystone80435, Mon Jan 25 16:28:25 +0000 2021, -87.732013, 41.833585, @filming_chicago Shit, I still have one from 2000 haha 
DianteTran, Mon Jan 25 16:28:25 +0000 2021, -84.266174, 30.476216, @niasohollywood_ Let‚Äôs go 
terryamerson, Mon Jan 25 16:28:25 +0000 2021, -88.240004, 42.981638, @Spiderwort52 @uwexthortinfo ... we noticed them in much smaller numbers the last several years. This year they hav‚Ä¶ https://t.co/pzPGIwEdoF 
quinwaluigi, Mon Jan 25 16:28:25 +0000 2021, -73.968542, 40.780709, Period! I may put the ‚Äútry‚Äù in the ‚Äúcountry‚Äù but I bet y‚Äôall ain‚Äôt finna ‚Äútry‚Äù ME. 
Eccentech, Mon Jan 25 16:28:26 +0000 2021, -87.883405, 42.589265, So it's nice to know I have my options open if I wanna go to the college of my choice. 
thejacquiejack, Mon Jan 25 16:28:26 +0000 2021, -75.165100, 39.952700, Happy Monday!I am sending happy vibes your way for a fantastic week.  Let's do this!!! XOXO @ Philadelphia, Pennsy‚Ä¶ https://t.co/w7OFtP6dy1 
pannizle, Mon Jan 25 16:28:26 +0000 2021, -120.583402, 44.145437, @adamwolfgang Really? NOTHING with Mahomes  playing is uninteresting 
schatsilove, Mon Jan 25 16:28:26 +0000 2021, -80.452116, 25.479449, @Mysstyblue Such bull shit 
KaylinKaye, Mon Jan 25 16:28:26 +0000 2021, -73.849441, 40.850347, Fredo is such a cutie 
C0smicSilence, Mon Jan 25 16:28:26 +0000 2021, -119.782465, 36.786042, EVERYONE I TRIED TO MAKE WATCH 'THE OA':The second season will have you balling as babies die of overdoses so go ahead and skip this one 
mariamouse31, Mon Jan 25 16:28:26 +0000 2021, -117.104989, 32.810012, OMG!!  My Twitter feed just got so much better!!! 
Nikki_Cutes, Mon Jan 25 16:28:26 +0000 2021, -122.818486, 49.111519, @EndemicPrepared @HaulerLong @LongNetherlands Not the case for everyone. So far every relapse I‚Äôve had has been wor‚Ä¶ https://t.co/02eOgJa8bg 
xena7080, Mon Jan 25 16:28:26 +0000 2021, -93.655100, 47.747000, Just posted a photo @ Bigfork, Minnesota https://t.co/E5EF7AtZx6 
dulcemgo, Mon Jan 25 16:28:26 +0000 2021, -84.270277, 33.726083, mood 
ToadTorres92, Mon Jan 25 16:28:27 +0000 2021, -118.346138, 33.914068, @Yurisoberano35 @xuaumvc @ACGOficial N√£o √© melhor n√£o. S√£o goleiros do mesmo n√≠vel, medianos. Assim como a maioria‚Ä¶ https://t.co/4YrLCb6yOj 
rootcausewell, Mon Jan 25 16:28:26 +0000 2021, -118.411907, 34.020789, ‚ú®Mindset Monday: Sleep Guidance‚ú® Time-restricted eating benefits on sleep ‚Äî&gt; https://t.co/00Oa5aFWjY‚Ä¶ https://t.co/aqkeA7q1EL 
tmj_pit_manuf, Mon Jan 25 16:28:27 +0000 2021, -80.079493, 40.653208, Want to work at Adecco? We're hiring in #Warrendale, PA! Click the link in our bio for details on this job and more‚Ä¶ https://t.co/kkMysxKb56 
BrannonDavis6, Mon Jan 25 16:28:27 +0000 2021, -95.446486, 29.838495, @coachp_TTU @PlayBookAthlete @LamarFootball @vypehouston @_CoachMcConnell @DfwSho @coachcross777 @ChadSimmons_‚Ä¶ https://t.co/FylLqyfzbK 
tmj_jax_eng, Mon Jan 25 16:28:27 +0000 2021, -81.655651, 30.332184, Nervous to apply for a job like "Field Service Engineer, Surface Analysis XPS - Pittsburgh" at Thermo Fisher Scient‚Ä¶ https://t.co/2osMZdeUwo 
michaeljanas930, Mon Jan 25 16:28:27 +0000 2021, -84.717050, 44.668583, @NBCNews That's actually easy.  Turn your back on the left.  After all, if their identitarian police don't find a r‚Ä¶ https://t.co/p1Omi5AZPI 
abrarhashmi88, Mon Jan 25 16:28:27 +0000 2021, -95.631689, 29.603464, Way to go; both to address runoff damages (floods, silting, and destruction) and   improve aquifer levels. @BBoIT1 
Tmartin145, Mon Jan 25 16:28:27 +0000 2021, -96.602142, 32.774938, Cciv.... 
davidkaplanmd, Mon Jan 25 16:28:27 +0000 2021, -79.272570, 43.629311, @CityCynthia Great news. As I tweeted last week, action is important. Doing is critical. This will save lives. 
rct2guy, Mon Jan 25 16:28:27 +0000 2021, -90.581249, 38.651687, @xaviprivate where can i download this font 
MarieCRosado1, Mon Jan 25 16:28:27 +0000 2021, -84.578994, 33.551151, https://t.co/poStuwtIBp 
NotZacGreinke, Mon Jan 25 16:28:28 +0000 2021, -95.679336, 29.679715, ü•∞ü•∞ü•∞https://t.co/aK2fkEAkF3 
simonneveryday, Mon Jan 25 16:28:28 +0000 2021, -77.618595, 37.656909, Group activity hahahaha 
jingle_bells44, Mon Jan 25 16:28:28 +0000 2021, -79.943838, 39.629314, i spit my coffee out 
ShaneBr00ks, Mon Jan 25 16:28:28 +0000 2021, -83.381557, 41.965779, If you want Tom Brady to lose simply because he is friends with Donald Trump then you are such a weirdo. 
alimeluvr, Mon Jan 25 16:28:28 +0000 2021, -98.540651, 29.417501, @budweiserusa Awesome idea. Why don't you get your other corporate partners to do the same. 
PFKDAME, Mon Jan 25 16:28:28 +0000 2021, -72.929158, 41.298394, Yo whattttt???? 
ScoMikeB, Mon Jan 25 16:28:28 +0000 2021, -81.692338, 27.997009, @IAMKINGEPP @TraceMcGoatly @K1toNuk @K1 @TheNotoriousMMA He acted fine lmfao mans is tryna relax and play games lmfao? 
TheMissesSmith, Mon Jan 25 16:28:28 +0000 2021, -75.386460, 39.145024, I don‚Äôt want people hiring black people just because we‚Äôre black and it looks ‚Äúgood‚Äù. I want to be hired because I‚Ä¶ https://t.co/ZiUUqCpbm8 
akeryilmaz, Mon Jan 25 16:28:28 +0000 2021, -100.000000, 40.000000, Az √∂nce bir fotoƒüraf payla≈ütƒ± @ United States https://t.co/w1WNFtE7fs 
CortneyWhy, Mon Jan 25 16:28:28 +0000 2021, -82.985772, 39.994684, my life might be slowly falling apart but i‚Äôm still gonna drop a bomb ass podcast we‚Äôve been working on since Octob‚Ä¶ https://t.co/mlS1TVT6d3 
Blackwell19, Mon Jan 25 16:28:28 +0000 2021, -84.433106, 33.767195, @HubCitySinatra I was concerned it would die down after the holidays because that‚Äôs when people are home...but it s‚Ä¶ https://t.co/wDzYkO57FC 
JDSIRLANCELOT, Mon Jan 25 16:28:28 +0000 2021, -81.369520, 40.437167, @JackPosobiec @btilma Apparently many politicians, Democrats and many Republicans learnd that training people in fascism works. 
ThackerJeffrey, Mon Jan 25 16:28:29 +0000 2021, -85.768241, 37.822244, @Sheepiguess @PsuBus9 @MPR1283 @dandyANDYbunker @laurenboebert Snap 
AlanSemsar, Mon Jan 25 16:28:29 +0000 2021, -118.411907, 34.020789, @VegasFoodWine @GDeLaurentiis @CromwellVegas @koollpics @Giadzy @BCLONA @Vegas2LAMag @CaesarsEnt @Caesars_Rewards T‚Ä¶ https://t.co/f6vMfVYxuQ 
yourtrulyBritt, Mon Jan 25 16:28:29 +0000 2021, -76.128811, 43.052607, @Jonteisha @Tiana_Bella_ Tip: you could also pay off the cards with high interest rate first so that these companie‚Ä¶ https://t.co/BvbqqM8hvK 
Antoine822, Mon Jan 25 16:28:29 +0000 2021, -91.066362, 30.361301, @sir_relly Love you g! ‚ù§Ô∏è‚ù§Ô∏è 
seanpadilla, Mon Jan 25 16:28:29 +0000 2021, -80.846785, 35.209059, ABOLISH ICEPROSECUTE THEM ALL 
Geechi_Luciano, Mon Jan 25 16:28:29 +0000 2021, -77.014398, 38.898603, And took an L within two. 
Kp2Kool, Mon Jan 25 16:28:29 +0000 2021, -97.285913, 32.779967, @Voyage_To_India If it‚Äôs not cold 
mrstevendiaz, Mon Jan 25 16:28:29 +0000 2021, -118.411907, 34.020789, @emapirciu Same vibe. ‚ô•Ô∏è 
KavichRick, Mon Jan 25 16:28:29 +0000 2021, -96.053431, 41.275721, We'll see Jason. Good to keep in state kids. 
Gripsama, Mon Jan 25 16:28:29 +0000 2021, -73.968542, 40.780709, @ToxPapa @TheBestSKS inv 
JamisonTVNews, Mon Jan 25 16:28:29 +0000 2021, -95.913642, 36.109392, @ryno0360 @NickDePaula @Dame_Lillard @adidasHoops @trailblazers @ESPNNBA @TheUndefeated üôÑ 
OneQuaan, Mon Jan 25 16:28:29 +0000 2021, -87.967292, 43.056722, Own cars 
antoniodesean, Mon Jan 25 16:28:29 +0000 2021, -76.934487, 38.996971, First day of the second semester and I already need another cup of coffee 
chrizo00, Mon Jan 25 16:28:29 +0000 2021, -71.088712, 42.313670, üëª https://t.co/jbAfAnY7A1 
8fd8b60639b9497, Mon Jan 25 16:28:29 +0000 2021, -79.272570, 43.629311, https://t.co/OGcySPiQRs 
PoliticalDad_, Mon Jan 25 16:28:29 +0000 2021, -72.680966, 41.765617, @guardiannews That dream is over Josh. 
Sortospino, Mon Jan 25 16:28:29 +0000 2021, -105.550890, 38.997936, Nope. I rather prefer that TB12 wins than Chiefs with 3 rings. 
WoodseyTheOwl, Mon Jan 25 16:28:30 +0000 2021, -111.738566, 33.295215, @KnockedCon Nope. 
ChristoperWOF, Mon Jan 25 16:28:30 +0000 2021, -100.366033, 25.650287, @carlosharosm jajajajaja stutututu 
KYScuf, Mon Jan 25 16:28:30 +0000 2021, -84.414911, 39.335215, Another great stream this morning &lt;3 
RLJNetwork, Mon Jan 25 16:28:30 +0000 2021, -88.161555, 30.683649, The staff Dan Campbell has put together is nothing short of incredible. For a team trading their franchise quarterb‚Ä¶ https://t.co/tYGOpgGUp0 
jflorentinord, Mon Jan 25 16:28:30 +0000 2021, -73.968542, 40.780709, @Alvi23 Duro duro. 
karyndoehring, Mon Jan 25 16:28:30 +0000 2021, -97.093792, 40.914564, All of this was grass yesterday. Ugh. @NWSHastings @Channel8ABC @rustywx https://t.co/RoNn8l7aoa 
SpectorRaven, Mon Jan 25 16:28:30 +0000 2021, -76.998298, 39.577368, @RealMickFoley @TheRock Hahaha I dare say Rocky was the one who went too farüòÇ 
kooch1760, Mon Jan 25 16:28:30 +0000 2021, -105.550890, 38.997936, @JenniferJJacobs @Jordanfabian What about the XLPipeline. That forces purchasing Oil from overseas.  By the way, ho‚Ä¶ https://t.co/3U4iPsq1s8 
jeremycarl4, Mon Jan 25 16:28:30 +0000 2021, -110.044783, 46.679800, Dear @GOPLeader:Why is @Liz_Cheney, previously seen slandering the President and playing into Pelosi‚Äôs hands, and‚Ä¶ https://t.co/hCmcuy6eky 
Jsince93, Mon Jan 25 16:28:30 +0000 2021, -86.760091, 33.385555, Ayo for the randoms that be following me and unfollowing Listen im not double back on ya nut ass, you get one shot‚Ä¶ https://t.co/HlpbhcB6QN 
HISWOKENESS, Mon Jan 25 16:28:30 +0000 2021, -81.940298, 34.949965, @rysice I do it all the time ü•¥ 
fknconfused, Mon Jan 25 16:28:30 +0000 2021, -87.732013, 41.833585, @TheBiancaDelRio That‚Äôs what I love about ya, DelRio üòòüòú https://t.co/KjAJBvs93U 
lfolio, Mon Jan 25 16:28:30 +0000 2021, -118.411907, 34.020789, @saferprint @LocolopezNYC @FrankenputerAOL @kooliegirl @Gloriabesos @LaraLengel @HeatherBookLove @OyinloyeSabrina‚Ä¶ https://t.co/rbQc5cP031 
KingTaye4, Mon Jan 25 16:28:31 +0000 2021, -94.976601, 29.767947, @wholelotofD damn let me get next yo 
ElTukiti, Mon Jan 25 16:28:31 +0000 2021, -111.498181, 28.969863, @CarlsVelazquez Ajaja zazueta 
EricVonHaden1, Mon Jan 25 16:28:31 +0000 2021, -116.361297, 33.740538, @BrendaWinkowsk2 Thank you thank you very much just an easy day today for me. I'm going to make brownies later on t‚Ä¶ https://t.co/Ot1F47v2XL 
Bandar_10, Mon Jan 25 16:28:31 +0000 2021, -85.565688, 42.290524, ÿ®ŸÑŸÜÿ™Ÿä ÿµÿ±Ÿäÿ≠ !! ŸÑŸÉŸÜ ŸÜÿ¥ŸàŸÅ ÿßŸÑÿ≠ŸÉŸÖ ÿßŸÑÿ≥ÿπŸàÿØŸä ÿßŸÑÿ¨ÿ®ÿßŸÜ ŸàŸÖÿß ŸÜÿ≥ÿ™ÿ∫ÿ±ÿ® 
crybabykier, Mon Jan 25 16:28:31 +0000 2021, -100.076888, 31.168893, making efforts to have my gender identity respected in an academic setting always leaves me feeling ostracized so i think i will give up 
cohenss, Mon Jan 25 16:28:31 +0000 2021, -92.436774, 38.304558, Sincerely https://t.co/BUDhKLzaYi 
brownshhuga91, Mon Jan 25 16:28:31 +0000 2021, -122.334461, 47.307568, I let go of my troubles and welcome opportunities &amp; blessings 
affman1964, Mon Jan 25 16:28:31 +0000 2021, -74.240032, 40.417493, @HawleyMOthere is a huge difference in them calling 4 ur removal n ur seditious behavior,u raised ur fist in suppo‚Ä¶ https://t.co/AVP1bS7Kvq 
THP1640, Mon Jan 25 16:28:31 +0000 2021, -123.279343, 44.569246, @NYinLA2121 Poor men. Throughout history youve have had to walk ten paces behind women. Had to beg to vote, own pro‚Ä¶ https://t.co/yLnus6BrpP 
mrnranger, Mon Jan 25 16:28:32 +0000 2021, -122.605430, 37.968620, The morning view from Sky Oaks Road: Black and White #skyoaksroad #morninglight #baldhill #mountdiablo‚Ä¶ https://t.co/LrkvBMkc2D 
mariadkins92, Mon Jan 25 16:28:32 +0000 2021, -85.768241, 37.822244, @tl_trevaskis him and turtleman 
EllisGBS, Mon Jan 25 16:28:32 +0000 2021, -71.435682, 42.305097, @reensjp @american2084 Some of those cages they used to keep kids in must be available for the #DomesticTerrorists to wait in. 
thesittingcow, Mon Jan 25 16:28:32 +0000 2021, -81.972705, 28.049601, Like this man made me feel like shit intentionally at least twice a month why do i miss him 
landforce, Mon Jan 25 16:28:32 +0000 2021, -122.630908, 45.536402, @HouseOfJordans love Card Ladder dude. Wanted to build something just like it til I found it but you guys got it handled ! Well done 
i_kissedthesky, Mon Jan 25 16:28:32 +0000 2021, -83.173867, 32.678207, @teddybarz They mama ain‚Äôt raise them right. 
PalmWinePapiii_, Mon Jan 25 16:28:33 +0000 2021, -75.117998, 40.004866, $BB rn.. 
judgelanceito_, Mon Jan 25 16:28:33 +0000 2021, -77.477966, 37.611318, @je7f It‚Äôs a fun stalk that‚Äôs for sure. I can see people I haven‚Äôt spoken with in ten years transactions. 
faneeza7, Mon Jan 25 16:28:33 +0000 2021, -118.411907, 34.020789, There claims that #learning loss &amp; #mentalhealth are the reasons to #openschools. Yet I don't see the offer for‚Ä¶ https://t.co/dFqM75gP9S 
Wavoodoo, Mon Jan 25 16:28:33 +0000 2021, -122.035069, 47.608120, Schedule for this weekend at the @PGFnetwork Arizona Last Blast https://t.co/vyCtwHu3Jo 
sassylibertygal, Mon Jan 25 16:28:33 +0000 2021, -86.372741, 35.965136, Ha!! 
lilllgoblin, Mon Jan 25 16:28:33 +0000 2021, -86.791549, 36.200008, eminem &amp; rick ross üòç 
aureanelys, Mon Jan 25 16:28:33 +0000 2021, -83.804475, 27.698682, I take pride in my work 
alexplzwakeup, Mon Jan 25 16:28:33 +0000 2021, -117.022463, 32.633767, @stevie_v11 im up early for no reason so violence it is 
hasanalibarata2, Mon Jan 25 16:28:33 +0000 2021, -79.272570, 43.629311, ŸÖÿßŸÅ€åÿß€å ŸÇÿØÿ±ÿ™ Ÿà ÿ´ÿ±Ÿàÿ™ Ÿàÿßÿ®ÿ≥ÿ™Ÿá ÿ®Ÿá ÿßÿ±⁄Ø€å Ÿáÿß Ÿà ÿ≤Ÿàÿ±ŸÖŸÜÿØÿßŸÜ ŸÖÿ∑ÿßÿ®ŸÇ ÿ¢ÿÆÿ±€åŸÜ ⁄Øÿ≤ÿßÿ±ÿ¥ ÿ≥€å⁄Øÿßÿ± ÿßÿ∂ÿßŸÅŸá ÿßÿ≤ ⁄ÜŸáÿßÿ± Ÿà ŸÜ€åŸÖ ŸÖ€åŸÑ€åÿßÿ±ÿØ ÿØÿßŸÑÿ± ÿ±ÿß ÿ®Ÿá ÿÆÿßÿ±ÿ¨‚Ä¶ https://t.co/w11DQXDaMA 
impunity, Mon Jan 25 16:28:33 +0000 2021, -117.104989, 32.810012, @brettc @PeerStreet I want that! 
Gotdayumm, Mon Jan 25 16:28:34 +0000 2021, -75.117998, 40.004866, @nicolesare7 What that pussy looks like? 
YellaDai, Mon Jan 25 16:28:34 +0000 2021, -92.701944, 32.527726, @ChrissyG_35 We got to go try that new place soon 
x_LightskinTHUG, Mon Jan 25 16:28:34 +0000 2021, -85.604962, 42.912768, I can never be compared to you bitches we not the same in no way shape or form. üëèüèΩüíÅüèΩ‚Äç‚ôÄÔ∏è 
ohiophide, Mon Jan 25 16:28:34 +0000 2021, -82.096200, 39.329400, Just posted a photo @ Athens, Ohio https://t.co/HHF6lbF2tf 
cali321011, Mon Jan 25 16:28:34 +0000 2021, -75.010764, 39.485111, @xosnowbunni Wow fucking beautiful sexy üòã 
antonio_ct, Mon Jan 25 16:28:34 +0000 2021, -101.929882, 28.351436, Los quiero mucho üíö 
bd_highsmith, Mon Jan 25 16:28:34 +0000 2021, -73.948775, 40.655138, load management is out. what‚Äôs cool these days is suiting up for every twentieth game until a focused playoff push,‚Ä¶ https://t.co/pV6i8LSDDk 
awraynor, Mon Jan 25 16:28:34 +0000 2021, -81.940298, 34.949965, @scotsmanco It was nice, but the MidMod was fantastic. 
NayaHernandez6, Mon Jan 25 16:28:35 +0000 2021, -118.411907, 34.020789, @DeanSollinger @LepapillonBlu Go cry somewhere else... Republicans incited sedition and insurrection. Y'all have said and done enough! 
FrijoleForever, Mon Jan 25 16:28:35 +0000 2021, -105.550890, 38.997936, This is certified... https://t.co/31UcDMQcGP 
NewStarWoman, Mon Jan 25 16:28:35 +0000 2021, -79.272570, 43.629311, @cherie_dimaline let‚Äôs put this on our list of things to see and do fir the next trip ;-) üìö 
CitiDanks, Mon Jan 25 16:28:35 +0000 2021, -115.135165, 36.060964, @StephIsStunning Very 
USConsuladoHer, Mon Jan 25 16:28:35 +0000 2021, -111.498181, 28.969863, As of January 26 if you travel by air from a foreign country to the United States, you must provide a negative COVI‚Ä¶ https://t.co/Tqj1ntcaQn 
SalafiTchadien, Mon Jan 25 16:28:35 +0000 2021, -75.800141, 45.248791, https://t.co/qOYH80rv5O 
jsmithwx, Mon Jan 25 16:28:35 +0000 2021, -84.353715, 37.355123, We have our first thunder &amp; lightning of the year in Mt. Vernon! ‚õà #kywx @Kentuckyweather @JimWKYT @AdamBurnistonWX @allyblakewx @WLKYChris 
8fd8b60639b9497, Mon Jan 25 16:28:35 +0000 2021, -79.272570, 43.629311, https://t.co/WGP3IWjsuH 
__misssindiaaa, Mon Jan 25 16:28:35 +0000 2021, -86.142922, 39.779562, @taball1 fact ! 
apawlh, Mon Jan 25 16:28:35 +0000 2021, -71.026774, 42.084567, @girlsreallyrule @Lizerenity @PeteWilliamsNBC Of course 
theahdacity, Mon Jan 25 16:28:36 +0000 2021, -73.968542, 40.780709, @honeybeom_ Exactly üò© 
SoftSide1, Mon Jan 25 16:28:35 +0000 2021, -76.620482, 39.284713, Lovely kitty gal Jeannie at @NARcats just watched the first 3 episodes of #WandaVision¬†and has Questions. What‚Äôs go‚Ä¶ https://t.co/xMWOWhmlze 
KathleenMorine3, Mon Jan 25 16:28:36 +0000 2021, -78.764632, 43.009117, My thoughts exactly. 
TheKenzo_x, Mon Jan 25 16:28:36 +0000 2021, -117.104989, 32.810012, @emelendez30 He‚Äôs had 7 games in his career with multi interceptions. It won‚Äôt happen likely. Do you just want imag‚Ä¶ https://t.co/OqIEN6tipk 
AlanSemsar, Mon Jan 25 16:28:36 +0000 2021, -118.411907, 34.020789, @Vegas2LAMag @VegasFoodWine @aixroseofficial @Kobrand_Wine Cheers 
jessegbo, Mon Jan 25 16:28:36 +0000 2021, -85.978600, 35.830522, The man at the top of this tree is Nick Saban.Scroll down to the bottom to see Tennessee's next coach. 
vonnbraun, Mon Jan 25 16:28:36 +0000 2021, -104.922093, 39.713563, @toddstarnes That didn‚Äôt even work .. they had to cheat to win! 
eyan_wiggs, Mon Jan 25 16:28:36 +0000 2021, -85.539642, 30.779982, @rickyramirez11 Why would I do that? You're going to find out that my tweets have never been influenced by trump being in office üòÇüòÇ 
TheCVBlues, Mon Jan 25 16:28:36 +0000 2021, -119.782465, 36.786042, Thank you #SuperFrank https://t.co/ZbTumCT8Aw 
tmj_DES_pharm, Mon Jan 25 16:28:37 +0000 2021, -75.089814, 38.543861, Can you recommend anyone for this Pharmacy Technician - Retail Store job in #OceanView, DE? Click the link in our b‚Ä¶ https://t.co/6Z2hSye0Bl 
tmj_AL_LABOR, Mon Jan 25 16:28:37 +0000 2021, -86.001952, 34.077249, If jobs with titles like "Garment Hanger/Inspector - 2nd shift" sound appealing to you, follow us to hear about the‚Ä¶ https://t.co/KUNPpKBWDo 
ViBiN365, Mon Jan 25 16:28:37 +0000 2021, -118.631113, 34.478413, @CaltransDist6 @Ricardoglz07 Any estimate on when it will open back up? Detour is to long for truck drivers 
Eezy_Baby, Mon Jan 25 16:28:37 +0000 2021, -118.411907, 34.020789, I work in this shit, I know how the shit go 
__BobbyE, Mon Jan 25 16:28:37 +0000 2021, -82.931344, 42.436041, Please and thank you!! 
themkp54, Mon Jan 25 16:28:37 +0000 2021, -111.917026, 40.765805, @tedcruz "Courage" is something YOU know NOTHING about!! You SULLY Navalny's name just by mentioning it as you have‚Ä¶ https://t.co/9Z6zIH5SYZ 
tmj_VA_LABOR, Mon Jan 25 16:28:37 +0000 2021, -82.783249, 36.858640, If jobs with titles like "Stockers" sound appealing to you, follow us to hear about these types of opportunities in #BigStoneGap, VA. #Labor 
aaronrouse, Mon Jan 25 16:28:37 +0000 2021, -96.696562, 40.803235, @JackMitchellLNK I'm so glad I bought 7 loaves of bread and 13 gallons of milk yesterday in preparation for #Snowmaggedon21 
finance_rich, Mon Jan 25 16:28:37 +0000 2021, -100.076888, 31.168893, Oh indeed! This uncle life is beautiful 
tmj_MI_transp, Mon Jan 25 16:28:37 +0000 2021, -84.555535, 42.732535, We're hiring! Read about our latest job opening here: Delivery Driver/Courier - PART TIME - NON-DOT - $19.57 PER HO‚Ä¶ https://t.co/oFv79Bg2PV 
chetanrakieten, Mon Jan 25 16:28:37 +0000 2021, -71.178359, 42.118668, I figured as much......best one yet.......#Berniememes #berniesmittens #StarWars 
kristenkellysf, Mon Jan 25 16:28:37 +0000 2021, -122.435979, 37.770657, Seriously Sebastian is the most handsome man in my eyes, he‚Äôs my favorite Viking. 
SactoMan81, Mon Jan 25 16:28:37 +0000 2021, -121.358006, 38.569114, @burackbobby_ @Outkick Who‚Äôs going to pay for the Skipper/LeBatard deal? @SIRIUSXM? @Spotify? 
xLuciian, Mon Jan 25 16:28:37 +0000 2021, -97.863458, 29.989242, @Izuku_shonen https://t.co/l74NV76i66 
coach__whipple, Mon Jan 25 16:28:38 +0000 2021, -79.980689, 40.431389, Me when I have 4 plays from the 1 yard line to try to score a touchdown https://t.co/KFF4ifja44 
tlarson1957, Mon Jan 25 16:28:38 +0000 2021, -122.330602, 47.614817, @TweetsAreFart @yikes_Alice @Midge150 @Luminate_Design @Senorita4Biden @PeterGunite @1Chance2020 @RandyLahey108‚Ä¶ https://t.co/bdusQ8bkdB 
JeffGoldwater, Mon Jan 25 16:28:38 +0000 2021, -78.853563, 42.896230, @stefondiggs thank you for one hell of a ride. You guys will be back there hopefully this time at home in front of 67000 of us. 
BernadetteNTF, Mon Jan 25 16:28:38 +0000 2021, -122.818486, 49.111519, @keriRN @Pauline_Revere3 @Ezim79 @RobertVosFrere @poppij @GreatTammie @zazzybritches @ThomONeil1 @Saline_tRick‚Ä¶ https://t.co/G1fougcYvg 
BrieMcG, Mon Jan 25 16:28:38 +0000 2021, -112.124676, 33.552863, Y‚Äôall watch if you haven‚Äôt yet, it‚Äôs damn cute! 
qboogi3e, Mon Jan 25 16:28:38 +0000 2021, -77.014398, 38.898603, @AB__25 Only thing Harden got is the MVP and anybody who really know, know Wade should‚Äôve had one of those too 
tmj_SFO_anesth, Mon Jan 25 16:28:38 +0000 2021, -122.031073, 37.977978, Want to work in #Concord, CA? View our latest opening: https://t.co/gJG7FyhwTd #Anesthesiologist 
HarlemYon6, Mon Jan 25 16:28:38 +0000 2021, -81.823177, 26.622149, @joey_mattei @CutonDime25 He did more then you think you ppl don‚Äôt know football the starters don‚Äôt get better play‚Ä¶ https://t.co/NMjyzfoYjY 
juliosandovall, Mon Jan 25 16:28:38 +0000 2021, -100.196134, 25.676603, @RuPaulsDragRace @denalifox @omgheyrose Ojal√° lleguen al top 4 @Rucalishus ü§ûüèª me encant√≥ este momento! 
Kenor__, Mon Jan 25 16:28:38 +0000 2021, -86.409610, 35.847420, Y‚Äôall making private stories to smoke.... https://t.co/pTTRM1nOJa 
Lifeofsimonee_, Mon Jan 25 16:28:39 +0000 2021, -72.731526, 41.685889, Lmao. The fact that he was so unbothered while he had that man in a head lock is what‚Äôs getting me. 
rissanicoleg, Mon Jan 25 16:28:39 +0000 2021, -95.446486, 29.838495, @chizu_keki ma‚Äôam...... wtf 
iamcrossbowman, Mon Jan 25 16:28:39 +0000 2021, -95.446486, 29.838495, El 'verificador de hechos' de #WashingtonPost, Glenn Kessler, no contar√° las afirmaciones falsas de #Biden como la‚Ä¶ https://t.co/teCJCjgZ4T 
covertcoupe, Mon Jan 25 16:28:39 +0000 2021, -76.620482, 39.284713, Thinking bout getting off socials 
DIEAMYDIE, Mon Jan 25 16:28:39 +0000 2021, -84.515786, 33.846765, Damn. I honestly thought y'all gonna bring back Catalyst.Wasted Opportunity.But the skin looks cool tho. 
MilesMinnoPhoto, Mon Jan 25 16:28:39 +0000 2021, -121.069515, 38.682857, Twilight conversions. Turn any day image into dusk! Find your money shot with Miles Minno Photography!!!#drone‚Ä¶ https://t.co/nnrJrsYmmh 
caa1000, Mon Jan 25 16:28:39 +0000 2021, -81.476676, 28.140217, @kylegriffin1 ü§¶‚Äç‚ôÄÔ∏è Come on McCarthy! üí© https://t.co/Y5mkUqbA49 
nuna144, Mon Jan 25 16:28:39 +0000 2021, -117.104989, 32.810012, https://t.co/JzLuucs3aW 
_Sykes4, Mon Jan 25 16:28:39 +0000 2021, -77.236969, 38.805115, Rip bro it‚Äôs been 3 years . They say time heels but i can‚Äôt agree 
rcnal22, Mon Jan 25 16:28:40 +0000 2021, -79.272570, 43.629311, The last time I had a funeral to travel to I struggled finding the money. Now I‚Äôve got money, and excelling I‚Äôve go‚Ä¶ https://t.co/EJ9uf5Vf9E 
ricco_chen, Mon Jan 25 16:28:40 +0000 2021, -74.153947, 40.572376, Ë¥•ÁÅØÂ∑≤ÁªèÂΩì‰∏ä‰∫ÜÊÄªÁªüÔºå‰ΩÜYouTubeËøòÂú®ÂæàÂ§öÁöÑËßÜÈ¢ë‰∏ãÊèêÈÜíË¥•ÁÅØÊòØÁæéÂõΩÁöÑÊÄªÁªüÔºåÈöæÈÅìÂ§ßÂÆ∂ÈÉΩ‰∏çËÆ§ÂèØÔºåËÄåË¶Åbig tech Â§©Â§©ËØ¥ÔºåÊù•ÁªôÂ§ßÂÆ∂Ê¥óËÑëÔºüÁúü‰ª•‰∏∫Ë∞éË®ÄËØ¥‰∏Ä‰∏áÊ¨°Â∞±Êàê‰∏∫ÁúüÁêÜÔºü https://t.co/BT53orPf8B 
LBwhisperer, Mon Jan 25 16:28:40 +0000 2021, -88.936684, 39.854585, #Putyoursnowshoeson @MU_BigBlueFB 
giftfromvirgos, Mon Jan 25 16:28:40 +0000 2021, -87.732013, 41.833585, 5 years help 
BiggestBiscuit, Mon Jan 25 16:28:40 +0000 2021, -85.722346, 38.195555, @Byn_Locster He's been a riser for a long time. 
8fd8b60639b9497, Mon Jan 25 16:28:40 +0000 2021, -79.272570, 43.629311, https://t.co/CbL8b1t60u 
BrandonBiGorDan, Mon Jan 25 16:28:40 +0000 2021, -86.158200, 39.769200, Indianapolis Hells Angels @ Indianapolis, Indiana https://t.co/WjmBQZWP2L 
gbcree, Mon Jan 25 16:28:40 +0000 2021, -101.816092, 35.211115, @parlertakes Leave him to his fate. 
EmLouviere, Mon Jan 25 16:28:41 +0000 2021, -91.401008, 30.937336, Pls look at how beautiful ü•∫ 
yan__3d, Mon Jan 25 16:28:41 +0000 2021, -75.117998, 40.004866, Christina really irks me on Grey Anatomy every season since season 1 
VThack, Mon Jan 25 16:28:41 +0000 2021, -73.968542, 40.780709, @funder For what exactly? Offering a dissenting opinion that advocates for election integrity? If that's your bar t‚Ä¶ https://t.co/y0RHmFwxT6 
ChelseaMediocre, Mon Jan 25 16:28:41 +0000 2021, -105.550890, 38.997936, @Michael_AW77 @Catlady762 @catferatu @crazypuce @jk_rowling DUDE IS NOT A GENDERüòÇ 
daisyscardigan, Mon Jan 25 16:28:41 +0000 2021, -80.846785, 35.209059, no 
LudovicSpeaks, Mon Jan 25 16:28:41 +0000 2021, -122.279521, 37.875845, Very good!! 
lulex, Mon Jan 25 16:28:41 +0000 2021, -80.546916, 43.482152, Click on the dialogue sections to view the links to source info. 
DreamChasing_20, Mon Jan 25 16:28:42 +0000 2021, -94.128634, 30.086918, LMFAOOOOO stop playing with Godzilla 
Keef_Cakez, Mon Jan 25 16:28:42 +0000 2021, -87.732013, 41.833585, To all my babies ü•∫‚ù§Ô∏è i love y‚Äôall 
b_hibbs, Mon Jan 25 16:28:42 +0000 2021, -86.409610, 35.847420, @brump_talk What caused it to spike? 
AlanSemsar, Mon Jan 25 16:28:42 +0000 2021, -118.411907, 34.020789, @VegasFoodWine @FlamingoVegas @koollpics @CaesarsEnt @Caesars_Rewards Yum 
DameonBledsoe, Mon Jan 25 16:28:42 +0000 2021, -122.228685, 37.791994, Man #RaisingCanes is coming to Berkeley next year!! 
immellaa___, Mon Jan 25 16:28:42 +0000 2021, -115.054133, 36.244748, @rahbright ‚ù§Ô∏è‚ù§Ô∏è‚ù§Ô∏è‚ù§Ô∏è 
DavidGlantz3, Mon Jan 25 16:28:42 +0000 2021, -80.300878, 26.047139, Found his class pic. https://t.co/Bkxg1DHRXc 
bwharris, Mon Jan 25 16:28:42 +0000 2021, -89.692676, 35.058521, Happy Bday to Monsta X Maknae Changkyun #HBDtoIM https://t.co/Y2M0oRUZ34 
DorianWebb17, Mon Jan 25 16:28:42 +0000 2021, -89.876449, 32.571032, @LadycookieeeTV üíú https://t.co/8HDvSYOKgj 
southboundduke, Mon Jan 25 16:28:43 +0000 2021, -93.809434, 32.461107, @BttmCock üòàüòàüòà 
doble_R_odolfo, Mon Jan 25 16:28:43 +0000 2021, -101.166961, 25.032632, Jajajajajajajajaja Ccp @OscarPosible 
ChapinArnett, Mon Jan 25 16:28:43 +0000 2021, -83.173867, 32.678207, @andy_dawson @Hiddanas @GalleryK502 @Ventchat @hollywood_miked @ConstancioD Any boring centrist would have cruised‚Ä¶ https://t.co/vGOG5EB1g9 
jordanneguerin, Mon Jan 25 16:28:43 +0000 2021, -91.401008, 30.937336, Applying Pressure üíã @azhamone #MondayVibes ‚Ä¢‚Ä¢‚Ä¢‚Ä¢#photographer #photooftheday #fashionphotographer #picoftheday‚Ä¶ https://t.co/tU3If2lKhP 
QueenSarahSatur, Mon Jan 25 16:28:43 +0000 2021, -73.948775, 40.655138, @stevensongs Nice! 
McWedge, Mon Jan 25 16:28:43 +0000 2021, -78.764632, 43.009117, @RudyGiuliani Look at the holy hell mess Donald left.  Plus he did things to sabotage Biden and our country by not‚Ä¶ https://t.co/7UhmzYt4JO 
StephAndujar, Mon Jan 25 16:28:44 +0000 2021, -73.968542, 40.780709, #ThankYou so much üôèüò© #StephA #OITNB #MissRosa üí∏üíãüçä 
AlyssaJSalter, Mon Jan 25 16:28:44 +0000 2021, -117.104989, 32.810012, Moving is a bitch. 
pennie_bault, Mon Jan 25 16:28:44 +0000 2021, -89.014027, 42.553041, sending healing prays and positive thoughts your sons way.. https://t.co/zG5rX57oIH 
ritoburrito_, Mon Jan 25 16:28:44 +0000 2021, -106.417430, 31.793368, @GopnikxBruv Watch the Star Wars holiday special next 
Roberta43242299, Mon Jan 25 16:28:44 +0000 2021, -78.947448, 43.010470, https://t.co/TqXsqbRUeR 
DrBibiNeumann1, Mon Jan 25 16:28:44 +0000 2021, -93.217303, 45.027757, @WoodyWoodcaster @Alyssa_Milano @vipertuff @GavinNewsom @MayorOfLA @GovRonDeSantis ‚ÄúIt could be much worse‚Äù???? https://t.co/1XKKdMS7LW 
LibraAbsolut, Mon Jan 25 16:28:44 +0000 2021, -77.014398, 38.898603, NUTMEG üôÑ #TheView 
_MasterWilliam, Mon Jan 25 16:28:44 +0000 2021, -86.142922, 39.779562, Being an Uncle &gt;&gt;&gt; Being a DadIt‚Äôs so OVER for me having kids bro. Aht Aht..them lil mfs DO NOT listen. Omg. üò≠ü§ß 
David_G60, Mon Jan 25 16:28:44 +0000 2021, -98.540651, 29.417501, @cheeky_cherry1 Morning 
a2d2, Mon Jan 25 16:28:44 +0000 2021, -157.799589, 21.319944, Seriously concerned we‚Äôre not talking enough about what happens to income inequality in a world where assets like t‚Ä¶ https://t.co/r5Pnq0GMXV 
JesusByProxy, Mon Jan 25 16:28:45 +0000 2021, -116.988022, 32.851180, An underrated cover for me and I‚Äôm not a fan of covers most of the time. 
NaToniaMonet, Mon Jan 25 16:28:45 +0000 2021, -73.968542, 40.780709, Mannnn the struggle 
rkrause275, Mon Jan 25 16:28:45 +0000 2021, -77.236969, 38.805115, Asante Samuel and patrick surtain.  Crazy times. Gettin to that age where it takes you back into time. Wild 
amyflores9, Mon Jan 25 16:28:45 +0000 2021, -97.751377, 28.409949, Me trying to be cute af this morning working out with a big ass tummy ü§∞üèªü•µ https://t.co/rhSmXG2joj 
MaggieDaleyPark, Mon Jan 25 16:28:45 +0000 2021, -87.732013, 41.833585, We are currently open, we will update our website and social media if there are closures. https://t.co/ZTBqURKw0s 
AIdotAGENCY, Mon Jan 25 16:28:45 +0000 2021, -108.574616, 39.091751, @laurenboebert @COSecofState Note how simply ignoring a request is not mentioned? Because you can‚Äôt do that, Lauren‚Ä¶ https://t.co/i1Q4houF9g 
liathetrader, Mon Jan 25 16:28:45 +0000 2021, -72.290782, 40.989538, @MarcoGrandi83 Gym is in my house ;) $PTON right here 
bstoffel350, Mon Jan 25 16:28:45 +0000 2021, -93.040281, 44.883849, @chris_batcsics Lol I thought the same thing. They‚Äôve like doubled his size since the last movie, and that movie wa‚Ä¶ https://t.co/0SiMvZ2LyY 
Lotsa_Latte00, Mon Jan 25 16:28:45 +0000 2021, -117.421380, 34.548619, @valr902 @thekjohnston I heard it on the news this morning.  ü§∑üèø‚Äç‚ôÄÔ∏è 
TheLadyPilar, Mon Jan 25 16:28:45 +0000 2021, -80.233328, 25.782353, @athikers_bob @gotmtv It‚Äôs going to take a while 
EseRobert_182, Mon Jan 25 16:28:45 +0000 2021, -77.033351, 38.895691, Just posted a photo @ White House, Washington DC https://t.co/2pb3QBgbjw 
DRyan327, Mon Jan 25 16:28:46 +0000 2021, -96.835249, 33.150140, @Sites4Congress @NaudreySt2 #Retweet 
HernanEsuarez05, Mon Jan 25 16:28:45 +0000 2021, -73.673237, 40.657350, @diegoVal876 Y cual es el problema, a v√≥s te afecta ? A m√≠ no. 
JenniPhurr123, Mon Jan 25 16:28:46 +0000 2021, -95.446486, 29.838495, Shout out to GOD for blessing me 
scottwahlstrom, Mon Jan 25 16:28:46 +0000 2021, -71.683502, 42.036939, @exxonmobil https://t.co/7gqf9SyaNY 
Taa_stee, Mon Jan 25 16:28:46 +0000 2021, -76.620482, 39.284713, Confidence booster! New swag! I‚Äôm all for it 
ryaglez, Mon Jan 25 16:28:46 +0000 2021, -118.068689, 33.866965, why would people want to have babies in the middle of a pandemic?? it's not like they can afford it, divorces and b‚Ä¶ https://t.co/ejFnYD1E7E 
judgelanceito_, Mon Jan 25 16:28:46 +0000 2021, -77.477966, 37.611318, @AveryFogarty LMFAO. 
Lifeofma_, Mon Jan 25 16:28:46 +0000 2021, -83.173867, 32.678207, I‚Äôd pass out 
cbeltz008, Mon Jan 25 16:28:46 +0000 2021, -111.738566, 33.295215, @HiMyNameIsSeton on a saves the day kick today? 
dnbplus2, Mon Jan 25 16:28:46 +0000 2021, -110.044783, 46.679800, I haven‚Äôt paid for UFC in forever, but I would for that üíÅüèº‚Äç‚ôÄÔ∏è 
sunny051488, Mon Jan 25 16:28:46 +0000 2021, -117.022695, 38.502147, @wheresfarago @business Gen z didn‚Äôt know how to read during the 2000s and housing bubble( 07 not 21). 
MP_Gibson, Mon Jan 25 16:28:46 +0000 2021, -75.517898, 39.159193, @HawleyMO will do anything to take focus off the fact he‚Äôs one of the most disliked Senators, maybe of all time. 
dottsieann21, Mon Jan 25 16:28:46 +0000 2021, -77.604684, 41.117936, @AnnMead88461440 I prefer. It could apply to bothüòÇ https://t.co/o61OOWta2W 
JudyLynnGeier, Mon Jan 25 16:28:46 +0000 2021, -97.135638, 32.701850, We should all be deeply concerned about Harris. She is a snake. @TulsiGabbard is class. A veteran of our country. S‚Ä¶ https://t.co/G4ue07PxCu 
MicahAdrian, Mon Jan 25 16:28:46 +0000 2021, -74.214139, 40.766601, @durandbernarr You know damn well it wasn‚Äôt photoshopped LOL but look at this one tho https://t.co/AM5Dsj3b9n 
__misssindiaaa, Mon Jan 25 16:28:47 +0000 2021, -86.142922, 39.779562, @BabyBamBURR well dang lol 
KOCODillon, Mon Jan 25 16:28:47 +0000 2021, -97.552161, 35.482844, Today‚Äôs news comes on the day jury selection for Watson‚Äôs trial was finally scheduled to get startedWatson‚Äôs girl‚Ä¶ https://t.co/It89H1iQ9m 
folklorestanac, Mon Jan 25 16:28:47 +0000 2021, -97.432425, 27.737151, the fact that lil huddy got to kiss her is very upsetting 
tmj_nvr_cstsrv, Mon Jan 25 16:28:47 +0000 2021, -119.251835, 39.607968, Click the link in our bio to see currently open #CustomerService jobs like "CustCare Rep - Omnichannel" at MSC in #Fernley, NV. 
TheRealToadCode, Mon Jan 25 16:28:47 +0000 2021, -91.682855, 41.976528, Stop halting $GME you fucking cowards 
HobbyLobbyJobs, Mon Jan 25 16:28:47 +0000 2021, -82.851401, 31.490798, We're hiring! Click to apply: #959 Douglas Retail Co-Manager - https://t.co/iMosiBzkWi #management #Douglas, GA 
Chrisfalconbuc, Mon Jan 25 16:28:47 +0000 2021, -82.914538, 40.148988, @michellehex1212 https://t.co/VhXkxqZ81I 
DJXCaliba, Mon Jan 25 16:28:47 +0000 2021, -121.300425, 37.980826, Episode 28 out now!!!#Where‚ÄôsMyDamnPodcast 
VickieLBruton1, Mon Jan 25 16:28:47 +0000 2021, -96.761753, 32.819858, The Trump clown crew never thought past their not loosing their attempted coup and now Dominion is suing the pants‚Ä¶ https://t.co/1L8bzUwbQg 
delmondinho_, Mon Jan 25 16:28:48 +0000 2021, -77.066170, 39.058980, @rolealeatorio @AHolsbach 
tere3872, Mon Jan 25 16:28:48 +0000 2021, -73.967500, 40.777900, Monday ‚ô•Ô∏è @ Manhattan, New York https://t.co/uj3kuw2AMZ 
theahdacity, Mon Jan 25 16:28:48 +0000 2021, -73.968542, 40.780709, @queennwanna1 Don‚Äôt start üò≠ 
CerinoRoyale, Mon Jan 25 16:28:48 +0000 2021, -74.944125, 39.975444, @denisethewriter But I thought the team was owned by a "progressive" and an "ally". I thought the owner wanted to make things "better" 
AZWildcatRugby, Mon Jan 25 16:28:48 +0000 2021, -110.915573, 32.189391, Kerr, Rogers set to lead Wildcats in 2021. https://t.co/CaDl65Gi6S#BearDown #Arizona #wildcatfamily https://t.co/NwqWWGuEla 
talia_del827, Mon Jan 25 16:28:48 +0000 2021, -81.734812, 41.384923, Please go see my girl Victoria at Tattoo Cafe on Broadview Rd. in cleveland , the most amazing artwork for the best‚Ä¶ https://t.co/cdgtzLNO3D 
KeyshiaAlexnder, Mon Jan 25 16:28:48 +0000 2021, -83.173867, 32.678207, @The_Savage1 You too! 
TheNailSensei, Mon Jan 25 16:28:48 +0000 2021, -83.804475, 27.698682, these parents are truly tripped the fuck out about this Jojo Siwa thing .. i see it errtime i login Facebook ! 
Hourgla82005292, Mon Jan 25 16:28:48 +0000 2021, -118.129042, 33.888081, @DaPiggyFanClub I got a vip server 
twowetclowns, Mon Jan 25 16:28:48 +0000 2021, -121.311582, 44.059938, @RefuseRaccoon @72MichiganPapa @everequivocal Hahaha sadistic 
BrokenArgyle, Mon Jan 25 16:28:48 +0000 2021, -117.968100, 33.996100, Just posted a photo @ Hacienda Heights, California https://t.co/M2eJSRigrn 
indigopro_, Mon Jan 25 16:28:48 +0000 2021, -84.998953, 35.491712, Grace Christian vs Lakeway Christian üèÄüî• @GraceRamsMBB https://t.co/6M9dAZiCPx 
MaddMike41, Mon Jan 25 16:28:48 +0000 2021, -112.124676, 33.552863, @GFUELesports @GFuelEnergy The Pelosi District 
bri_unbothered, Mon Jan 25 16:28:48 +0000 2021, -76.920117, 38.603521, @staydwntae25 You missed the point 
AlexLeeMedia, Mon Jan 25 16:28:48 +0000 2021, -74.026213, 40.753051, Frozen on the outside but warm on the inside thanks to the ‚ÄúPink Bourbon‚Äù from @Bin14Hoboken üíó #saturdaynight‚Ä¶ https://t.co/JMQvV3wotN 
fx_rastaa, Mon Jan 25 16:28:48 +0000 2021, -83.399779, 33.956384, https://t.co/QFKihNdLFy 
robdad5, Mon Jan 25 16:28:48 +0000 2021, -98.567891, 34.078997, Yes! @IamBranum So encouraging to have leaders in Texas school districts lead in this essential work! 
Porcelain_Lace, Mon Jan 25 16:28:48 +0000 2021, -77.604684, 41.117936, New fabric, way better at taking pleats! #yuna https://t.co/h7RLxdEE6O 
pink_dimonds08, Mon Jan 25 16:28:49 +0000 2021, -75.010764, 39.485111, Goodmorning ‚ù§Ô∏è 
petermeredith01, Mon Jan 25 16:28:49 +0000 2021, -104.897597, 39.587731, Happy Monday unwashed horde! Have a great weekü§£#petermeredith #writers #mondaymotivation #funnymemes #funnyshit‚Ä¶ https://t.co/ZpGcbc1irs 
kmoeaz, Mon Jan 25 16:28:49 +0000 2021, -112.124676, 33.552863, I purposely left my doors unlocked all weekend, (cause that‚Äôs what I do when I‚Äôm depressed) and I just found out th‚Ä¶ https://t.co/3kgt626sqk 
VtaeDaGoat, Mon Jan 25 16:28:49 +0000 2021, -97.114771, 33.202495, Rockout leave a üë®üèæ‚Äçü¶Ø Red like I‚Äôm Trippie 
threaltiffanyba, Mon Jan 25 16:28:49 +0000 2021, -83.173867, 32.678207, @JoeSummerville_ @TheHoodBotanica I feel the same way when I read your tweets and love the podcast and music!! Defi‚Ä¶ https://t.co/ThsU2Yt6xO 
l1tgawd, Mon Jan 25 16:28:50 +0000 2021, -75.117998, 40.004866, Women don‚Äôt share men they know are actually valuable. Because they know other women will take him in a heartbeat. 
Kicklahoma, Mon Jan 25 16:28:50 +0000 2021, -97.544430, 35.524789, .Please Read! .‚Ä¢ ZERO CONSIGNMENT this week!.‚Ä¢ We are NOT buying this week....#Kicklahoma #JGfromOKC @ Penn‚Ä¶ https://t.co/SZCoL3inLD 
tbro0902, Mon Jan 25 16:28:50 +0000 2021, -80.428864, 37.229291, I‚Äôve never been a Madrigal fan but if he hits for a high average AND has a good OBP-avg difference I think he‚Äôs a p‚Ä¶ https://t.co/KJi4BwZ6He 
dukecitypix, Mon Jan 25 16:28:50 +0000 2021, -106.650600, 35.087300, New Mexico Patriots @ Albuquerque, New Mexico https://t.co/6fhHwLEJfS 
tottenham_plz, Mon Jan 25 16:28:50 +0000 2021, -77.101999, 38.880845, lmaooooo 
moodav47, Mon Jan 25 16:28:50 +0000 2021, -86.791549, 36.200008, Remember:DemocRATS always follow the science! Bwaahaha!üòÇ 
panparnpaan, Mon Jan 25 16:28:50 +0000 2021, -83.729972, 42.270839, ‡πÅ‡∏ï‡πà‡∏Å‡πá‡∏¢‡∏≠‡∏° ‡πÅ‡∏°‡πà‡∏á‡πÄ‡∏Å‡πà‡∏á‡∏à‡∏£‡∏¥‡∏á 
jamesdekens, Mon Jan 25 16:28:50 +0000 2021, -79.820465, 43.381396, @JackieLodder @MarkMcGuireD @burlingtondavid @WinterBike2Work @Chris_Ariens @BuildBetterSts @teresabaerg‚Ä¶ https://t.co/t3dm5SRkpX 
BossManJay_, Mon Jan 25 16:28:50 +0000 2021, -77.118503, 38.981337, üòÇüòÇüòÇ 
dreamgitch, Mon Jan 25 16:28:50 +0000 2021, -95.446486, 29.838495, @Legionx47 Yea wifey always has some plug to do the trick. I haven‚Äôt tested out a few new ones yet cause baby alway‚Ä¶ https://t.co/FzHn0OORHj 
ChikWik, Mon Jan 25 16:28:50 +0000 2021, -95.562444, 29.623472, We smoking on that ‚ÄúLambeau‚ÄùüßÄ pack ü§£ü§£ 
MisterPr3mium, Mon Jan 25 16:28:50 +0000 2021, -76.977119, 38.965552, I keep getting new Dick coming my way. And I‚Äôm trying to be good but the shit is tempting af.. 
MeltonRbmelton, Mon Jan 25 16:28:51 +0000 2021, -79.861034, 35.170499, @RoseOfWindsong Truthfully, I think Tampa‚Äôs defense and glaring GB miscues (that TD before the half ‚Äî how does that‚Ä¶ https://t.co/DEp67RDB7D 
AlanSemsar, Mon Jan 25 16:28:51 +0000 2021, -118.411907, 34.020789, @BCLONA @VegasFoodWine @MINIUSA Love it ladies 
MikeWhi38941086, Mon Jan 25 16:28:51 +0000 2021, -75.630628, 40.030157, @JudBrown_ Just wondering, have a MAGA PILOT brother Who has been mocking PETE since Day 1.  Have a Text Message READY TO GO üëç 
alinaperalta, Mon Jan 25 16:28:51 +0000 2021, -118.244500, 34.056400, Just posted a video @ Los Angeles, California https://t.co/XwWf1kMrsa 
hrbvn, Mon Jan 25 16:28:52 +0000 2021, -83.804475, 27.698682, @KatawanGaming I would run some apex with you for sure one day 
Meglilsista, Mon Jan 25 16:28:52 +0000 2021, -80.339061, 27.469325, Just Stop Telling Me Shit Cause I Just Got FUCKING HEATED ü§£ CRRYYYIIINNNGGGG? For Fucking What üôÑüôÑ FOH THE GRASS GREEN ASF OVER HERE 
joshmom1, Mon Jan 25 16:28:52 +0000 2021, -77.323052, 37.549010, https://t.co/ayMizIFWFO 
_VersatyleStyle, Mon Jan 25 16:28:52 +0000 2021, -96.621634, 32.907642, @TinyButSoSassy Lol I have no clue where your names be from! üòÇ 
TheDummiee, Mon Jan 25 16:28:52 +0000 2021, -81.972705, 28.049601, @GManzano24 The Chargers are putting together a diverse coaching staff which is good to see like you project they would go! Go boltssssss 
Cheakaity, Mon Jan 25 16:28:52 +0000 2021, -118.411907, 34.020789, @SSJRIQUE ü§ë 
s_nicole83, Mon Jan 25 16:28:52 +0000 2021, -85.768241, 37.822244, ‚Äúüì∏ Tacos &amp;Togs üì∏‚Äù with @BoudoirByHannah, Emily McGonigle, @solsticeretouch, and Isaac Alvarez. Today, Jan 25 at 7:0‚Ä¶ https://t.co/l13Ukh32hl 
NerieeBaby, Mon Jan 25 16:28:52 +0000 2021, -91.090800, 30.459100, I hate hypocrites so much like bitch be yourself 
theylovecaniaxo, Mon Jan 25 16:28:52 +0000 2021, -80.132962, 25.816966, it got too cold at homeüå¥ https://t.co/agjuTio5fa 
neilmeetsworld, Mon Jan 25 16:28:53 +0000 2021, -117.999409, 34.139172, @ItsFleeceKing Congrats man! Well deserved 
meilidaisyyy, Mon Jan 25 16:28:53 +0000 2021, -80.429318, 25.520408, Im focused on a big bag , I‚Äôll let you fuck when I get back üòåü§ë 
ItsJustFancy, Mon Jan 25 16:28:53 +0000 2021, -82.985772, 39.994684, @_BillyyD Listen, I am rethinking all life decisions after this mornings dilemma üòÇ 
BryceHoffhines, Mon Jan 25 16:28:53 +0000 2021, -94.817630, 38.848755, SUPER BOWL Bound! Show your Chiefs pride! @Greenthewick @HinckJ @kear_tiffany @tony_troia @CampSweenScott https://t.co/PDOHrzFGER 
DrLisaFunnell, Mon Jan 25 16:28:53 +0000 2021, -97.445173, 35.222301, This is the content I am here for! 
connorthemiller, Mon Jan 25 16:28:53 +0000 2021, -122.330602, 47.614817, nytimes interview with dr. anthony fauci https://t.co/nFtCOfCCQm 
PFKDAME, Mon Jan 25 16:28:54 +0000 2021, -72.929158, 41.298394, Nicole no fucking way üòîüòîüòîüòîüòî 
liberalgrandmom, Mon Jan 25 16:28:54 +0000 2021, -74.993928, 40.000027, #MarcoMustGo 
shelbkateee, Mon Jan 25 16:28:54 +0000 2021, -88.643038, 37.074757, I am so happy that God gave me the heart that he did, because even though most people didn‚Äôt  deserve the kindness‚Ä¶ https://t.co/VaOUrAPtFh 
JiggyRiz, Mon Jan 25 16:28:54 +0000 2021, -74.153947, 40.572376, Mornings With Him &gt;&gt;&gt; https://t.co/q3j65vdzgh 
lilyisrayne, Mon Jan 25 16:28:54 +0000 2021, -84.433106, 33.767195, What do meek mill be tweeting 
bruce4nv, Mon Jan 25 16:28:54 +0000 2021, -115.135165, 36.060964, @chatham58 What's a tube? 
IAmGodivah, Mon Jan 25 16:28:54 +0000 2021, -73.948775, 40.655138, I personally don't like when ppl have only the most popular advanced sex toys for sale. That doesn't help the amate‚Ä¶ https://t.co/Jamo6X8EY6 
ICEBURGH13, Mon Jan 25 16:28:54 +0000 2021, -122.630908, 45.536402, @OptionsBrian That drop scared me. I thought stonk only goooo up? https://t.co/l3BomLGsSE 
bushinju, Mon Jan 25 16:28:54 +0000 2021, -118.411907, 34.020789, Not then not now not ever. PERIODT 
mbrewer24, Mon Jan 25 16:28:54 +0000 2021, -88.845245, 36.340595, One who is faithful in a very little is also faithful in much, and one who is dishonest in a very little is also di‚Ä¶ https://t.co/JOCxG3cC1n 
RobertT36652227, Mon Jan 25 16:28:54 +0000 2021, -157.799589, 21.319944, @ResisterDude https://t.co/pPZajXfQ1p 
UltraluxH, Mon Jan 25 16:28:55 +0000 2021, -122.950000, 49.250000, Just posted a photo @ Burnaby, British Columbia https://t.co/Rd2w5b2gDQ 
JessJHammer, Mon Jan 25 16:28:55 +0000 2021, -83.804475, 27.698682, Ashlee always tryna hangout with someone else, like hello I exist too ü•∫ 
shapob, Mon Jan 25 16:28:55 +0000 2021, -118.411907, 34.020789, Monday‚Äôs @anydistanceclub https://t.co/LJye3Eu6TJ 
ross0704, Mon Jan 25 16:28:55 +0000 2021, -80.271087, 25.699448, @jimenajimenez_r üíõ 
eds3trey, Mon Jan 25 16:28:55 +0000 2021, -121.873730, 37.331159, @ral1 My research (fast Google search) came up with different numbers than yours. My math was: 185+100+0/3=95 
Floridaaaboijay, Mon Jan 25 16:28:56 +0000 2021, -86.441236, 39.766555, Money stack up definitely when you start telling ppl no 
CitiDanks, Mon Jan 25 16:28:56 +0000 2021, -115.135165, 36.060964, @MrsConnecticut Exactly lol 
Chin0e, Mon Jan 25 16:28:56 +0000 2021, -95.057125, 29.665807, üî• 
jonxthannnn, Mon Jan 25 16:28:56 +0000 2021, -98.540651, 29.417501, haha yessir drinks on ya boy ü§£ thank you bro üôèüèΩüíØü§ûüèΩ 
tommyunger, Mon Jan 25 16:28:56 +0000 2021, -122.330602, 47.614817, @Klarna New ad style. Not bad, Twitter. 
AnthonyGreyXXX, Mon Jan 25 16:28:56 +0000 2021, -73.584460, 40.678231, @callhimTHICKUMS You‚Äôll fit so good down my throat 
IanCharles33, Mon Jan 25 16:28:56 +0000 2021, -122.433195, 45.510141, And Brandon Roy never returned after his kneee injuries. Yall grown adults not understanding that injuries effect p‚Ä¶ https://t.co/hW3L3ysWyF 
PinellasCo911, Mon Jan 25 16:28:57 +0000 2021, -82.666790, 27.811042, Alert: ELECTRICAL HAZARD (INSIDE) @ 4000 24 ST N Tac: G Sent: E18 https://t.co/zBHJiSet9j 
iVikika, Mon Jan 25 16:28:57 +0000 2021, -79.997500, 40.441100, Just posted a photo @ Pittsburgh, Pennsylvania https://t.co/rsnJpfoQOP 
Mhart235, Mon Jan 25 16:28:57 +0000 2021, -117.143737, 47.664707, It‚Äôs time to quit the Nonsense and the Circus. These Young men and Women need to be back in a HEALTHY and SAFE envi‚Ä¶ https://t.co/eYd4SM5M9T 
ThatLawGuyKev, Mon Jan 25 16:28:57 +0000 2021, -85.722346, 38.195555, @chrislhayes As part of a bill or series of bills to reign in the executive, Congress needs to pass a bill giving Emoluments clause teeth. 
TheJonADavis, Mon Jan 25 16:28:57 +0000 2021, -83.173867, 32.678207, @imrosemciver is still one of my favorite #PowerRangers 
voltronprod2010, Mon Jan 25 16:28:57 +0000 2021, -84.388900, 33.756600, @kodakblack @liltunechi @stream365network @ Atlanta, Georgia https://t.co/KTHer2LWBS 
tmj_VAL_pharm, Mon Jan 25 16:28:57 +0000 2021, -76.913209, 38.998646, Want to work in #Greenbelt, MD? View our latest opening: https://t.co/4eQwzpa7wA #pharmtech 
KAkinmboni, Mon Jan 25 16:28:57 +0000 2021, -74.792284, 40.099140, @Go_Dan_Go @Willderness13 @PhilMitchell83 @tariqnasheed Psychological and verbal abuse (nagging, poison dripping, e‚Ä¶ https://t.co/f4xkM7BqVZ 
tmj_CTF_secure, Mon Jan 25 16:28:57 +0000 2021, -73.443694, 41.267232, Don't submit then quit. Apply for jobs like "Co-Manager" at CVS Health, then look for people you might know at the‚Ä¶ https://t.co/9z9T1eazWb 
spencergram, Mon Jan 25 16:28:57 +0000 2021, -83.804475, 27.698682, Just about got 3 in...ü¶∂üëÄü¶µhttps://t.co/RP171f4PkC 
katietoo62, Mon Jan 25 16:28:57 +0000 2021, -90.169485, 44.665922, My brain can pack an astounding amount of nightmares into one night. 
danii_palmaa, Mon Jan 25 16:28:57 +0000 2021, -96.347781, 30.665858, Straight from Facebook $daniipalmaa LMAO https://t.co/CUQ25FA9Iz 
Kevy_Kev80, Mon Jan 25 16:28:57 +0000 2021, -81.506502, 41.475559, You know what you‚Äôre right.  I should‚Äôve minded my own business.  My fault... 
jessdeleonn, Mon Jan 25 16:28:57 +0000 2021, -96.347781, 30.665858, i wish this man could have my babies ü•∫ we‚Äôll b 1 kid in &amp; another one otw ü§£ü§£ 
andriannies, Mon Jan 25 16:28:57 +0000 2021, -73.849441, 40.850347, These are dreads because this looks absolutely dreadful 
sabartonwrites, Mon Jan 25 16:28:57 +0000 2021, -76.355918, 36.841764, I've long thought of Wall Street as basically a casino but with more chaos https://t.co/qtYbkhbVwZ 
masterPhaster, Mon Jan 25 16:28:58 +0000 2021, -100.076888, 31.168893, Do you believe in the #afterlife 
RealLexiLou, Mon Jan 25 16:28:58 +0000 2021, -86.441236, 39.766555, sometimes i dont have it all together but my love and loyalty are always on point ‚ù§Ô∏è 
TheAngieVShow, Mon Jan 25 16:28:58 +0000 2021, -89.922029, 35.133521, @e_harmonyreject And my personal favorite was when they sent me into a class for oversight knowing my Jewish ancest‚Ä¶ https://t.co/zPFMZJAnn5 
tmj_buf_sales, Mon Jan 25 16:28:58 +0000 2021, -78.634200, 42.898236, Join the Cintas Corporation team! See our latest #Sales job openings, including "Sales Representative", via the link in our bio. #cintasjobs 
TheGreat_Keeno, Mon Jan 25 16:28:58 +0000 2021, -100.076888, 31.168893, @chewniaa https://t.co/X8fZ5nwIgO 
IMG04Boteler, Mon Jan 25 16:28:58 +0000 2021, -86.441236, 39.766555, Two of the hardest working kids I know!! Proud to be just a small part of their journey!! 2023 @nat_burns and 2022‚Ä¶ https://t.co/KQOJckM24w 
DrPhosphine, Mon Jan 25 16:28:58 +0000 2021, -71.103722, 42.395403, @bexin2d The Bex Show set budget has been in decline for a while 
hector_diazz, Mon Jan 25 16:28:59 +0000 2021, -111.498181, 28.969863, Nos guste o no .  Es el mejor de todos los tiempos . #NFL #Brady #GoBucs 
thatniggalonte2, Mon Jan 25 16:28:59 +0000 2021, -77.101999, 38.880845, Facts üíØü§£ like is ova I‚Äôm out da way 
ValeAnoai, Mon Jan 25 16:28:59 +0000 2021, -83.804475, 27.698682, https://t.co/mptJNXhRVb #art #artofvaleanoai #painting #acrylic #acrylicpainting #artist #artistontwitter‚Ä¶ https://t.co/5xQlPSDKdG 
VanceMiller2, Mon Jan 25 16:28:59 +0000 2021, -77.604684, 41.117936, @afropick3000 @TrayTray143 @Bills_Chick I agree as well but they blanketed our guys 
lilith2u, Mon Jan 25 16:28:59 +0000 2021, -122.330602, 47.614817, @ChazLib21 39 and yes, raining in Seattle 
